scope,policy,corpus,vocab,vocab_placed,occurrences,proofs_with_premises,depth_type,depth_usage,depth_per_proof
full,with_auto,human,78642,76940,437062,68897,13.483974525604367,36.01432828396808,34.11944248600094
full,with_auto,machine,1127,1118,61897,26072,32.74508050089445,54.40774746131136,60.45374657641489
full,without_auto,human,78614,76912,436783,68890,13.480289161639275,36.022227496560795,34.13257985590585
full,without_auto,machine,1127,1118,61897,26072,32.74508050089445,54.40774746131136,60.45374657641489
support,with_auto,human,78591,76889,436568,68827,13.487169816228588,36.01753763086365,34.12270434702916
support,with_auto,machine,1123,1114,52272,19289,32.78007181328546,52.06870903884223,57.30311563103094
support,without_auto,human,78563,76861,436289,68820,13.483483170918932,36.02544789306856,34.135855411338625
support,without_auto,machine,1123,1114,52272,19289,32.78007181328546,52.06870903884223,57.30311563103094
matched,with_auto,human,21162,20871,179297,22629,19.791241435484643,36.73640054734292,33.66127566288532
matched,with_auto,machine,1123,1114,52272,19289,32.78007181328546,52.06870903884223,57.30311563103094
matched,without_auto,human,21146,20855,179223,22629,19.788396068089188,36.74379775810415,33.66701459308343
matched,without_auto,machine,1123,1114,52272,19289,32.78007181328546,52.06870903884223,57.30311563103094
