cell,class,bin,human_n,machine_n,human_share,machine_share,supported
arith x 0-2,arith,0-2,14,6869,0.00019975458722141368,0.230890756302521,False
arith x 2-4,arith,2-4,34,5431,0.0004851182832520047,0.1825546218487395,True
arith x 4-8,arith,4-8,115,5113,0.001640841252175898,0.1718655462184874,True
arith x 8-16,arith,8-16,122,3820,0.001740718545786605,0.1284033613445378,True
arith x 16+,arith,16+,190,1492,0.0027109551122906144,0.05015126050420168,True
simp x 0-2,simp,0-2,10004,298,0.14273892075450162,0.010016806722689075,True
simp x 2-4,simp,2-4,8677,1674,0.1238050395228719,0.05626890756302521,True
simp x 4-8,simp,4-8,5802,2195,0.08278400821847444,0.07378151260504201,True
simp x 8-16,simp,8-16,4216,689,0.06015466712324858,0.02315966386554622,True
simp x 16+,simp,16+,2283,193,0.03257426590189196,0.006487394957983193,True
decide x 0-2,decide,0-2,45,43,0.0006420683160688297,0.001445378151260504,True
decide x 2-4,decide,2-4,37,158,0.0005279228376565933,0.005310924369747899,True
decide x 4-8,decide,4-8,29,73,0.0004137773592443569,0.002453781512605042,False
decide x 8-16,decide,8-16,16,23,0.0002282909568244728,0.000773109243697479,False
decide x 16+,decide,16+,14,0,0.00019975458722141368,0.0,False
other x 0-2,other,0-2,248,43,0.003538509830779328,0.001445378151260504,True
other x 2-4,other,2-4,346,224,0.004936791941329224,0.0075294117647058826,True
other x 4-8,other,4-8,251,184,0.003581314385183917,0.006184873949579832,True
other x 8-16,other,8-16,159,31,0.0022686413834431983,0.001042016806722689,True
other x 16+,other,16+,48,2,0.0006848728704734184,6.722689075630252e-05,True
none x 0-2,none,0-2,14371,505,0.20504808378278117,0.016974789915966387,True
none x 2-4,none,2-4,13241,545,0.18892503495705276,0.018319327731092436,True
none x 4-8,none,4-8,6821,130,0.09732328853123305,0.004369747899159664,True
none x 8-16,none,8-16,2455,14,0.035028393687755045,0.00047058823529411766,True
none x 16+,none,16+,548,1,0.007818965271238192,3.361344537815126e-05,True
