region,machine_premises,human_premises,machine_share,human_share_of_full
_root_,299,12118,0.2653061224489796,0.1540906894534727
Nat,281,2081,0.24933451641526175,0.02646168713918771
Real,183,1234,0.16237799467613132,0.015691360850436153
Int,97,737,0.08606921029281278,0.009371582614887719
Finset,54,2001,0.04791481810115351,0.025444419012741283
Complex,45,774,0.03992901508429459,0.009842069123369192
Set,43,2288,0.038154392191659274,0.029093868416367845
Matrix,27,1018,0.023957409050576754,0.012944736909030799
Polynomial,12,2045,0.01064773735581189,0.02600391648228682
Fin,10,650,0.008873114463176575,0.008265303527377229
Function,10,429,0.008873114463176575,0.0054551003280689705
Rat,10,224,0.008873114463176575,0.0028483507540499986
List,6,1494,0.005323868677905945,0.018997482261387044
Prod,5,83,0.0044365572315882874,0.001055415681188169
Or,5,13,0.0044365572315882874,0.00016530607054754458
Continuous,3,47,0.0026619343389529724,0.0005976450242872766
Eq,3,14,0.0026619343389529724,0.0001780219221281249
LinearMap,2,757,0.001774622892635315,0.009625899646499327
Fintype,2,145,0.001774622892635315,0.001843798479184151
Iff,2,10,0.001774622892635315,0.00012715851580580352
Ideal,2,729,0.001774622892635315,0.009269855802243076
Metric,2,430,0.001774622892635315,0.005467816179649551
minpoly,2,60,0.001774622892635315,0.0007629510948348211
Encodable,2,17,0.001774622892635315,0.00021616947686986597
ContinuousOn,2,31,0.001774622892635315,0.0003941913989979909
Equiv,2,704,0.001774622892635315,0.008951959512728567
Subgroup,1,514,0.0008873114463176575,0.006535947712418301
ZMod,1,202,0.0008873114463176575,0.002568602019277231
Classical,1,36,0.0008873114463176575,0.00045777065690089265
LipschitzWith,1,30,0.0008873114463176575,0.00038147554741741054
Dvd,1,3,0.0008873114463176575,3.8147554741741054e-05
OfNat,1,5,0.0008873114463176575,6.357925790290176e-05
Exists,1,7,0.0008873114463176575,8.901096106406246e-05
Pi,1,115,0.0008873114463176575,0.0014623229317667404
LocallyFiniteOrder,1,7,0.0008873114463176575,8.901096106406246e-05
Ne,1,13,0.0008873114463176575,0.00016530607054754458
ContinuousAt,1,17,0.0008873114463176575,0.00021616947686986597
NNReal,1,225,0.0008873114463176575,0.002861066605630579
Module,1,755,0.0008873114463176575,0.009600467943338166
And,1,10,0.0008873114463176575,0.00012715851580580352
Fact,1,3,0.0008873114463176575,3.8147554741741054e-05
Summable,1,16,0.0008873114463176575,0.00020345362528928563
