namespace,machine_share,human_share,machine_mean_depth,human_mean_depth,within_namespace_gap,human_premises_in_ns
Nat,0.24933451641526175,0.02300993975395312,27.982078853046595,12.162721893491124,15.81935695955547,2704
Real,0.16237799467613132,0.015854666959177817,22.4010989010989,10.264274061990212,12.136824839108689,1839
Int,0.08606921029281278,0.008243751793037109,23.20618556701031,11.154639175257731,12.051546391752577,970
Finset,0.048802129547471165,0.025178459928784785,31.272727272727273,8.711126233412726,22.561601039314546,2939
Complex,0.03992901508429459,0.009500987225137958,34.31818181818182,12.996316758747698,21.321865059434124,1086
Set,0.03904170363797693,0.028410145636802404,45.47727272727273,13.16347614706776,32.313796580204965,3291
Matrix,0.024844720496894408,0.014116475690635705,21.444444444444443,7.181647940074907,14.262796504369536,1602
Polynomial,0.011535048802129548,0.024840947061106705,39.38461538461539,13.860441075120606,25.524174309494782,2902
Fin,0.009760425909494233,0.008825961489781799,25.454545454545453,8.843629343629344,16.610916110916108,1036
Function,0.008873114463176575,0.005830534789138836,57.55555555555556,12.794460641399416,44.76109491415614,686
Rat,0.008873114463176575,0.0026916651197326897,18.875,7.987220447284345,10.887779552715655,313
List,0.005323868677905945,0.017770052483250923,34.666666666666664,8.116594097726173,26.550072568940493,2067
