tactic,jixia_rate,matcher_rate,both,jixia_only,matcher_only,agreement
aesop,0.04228707564026206,0.07504466944609887,71,0,55,0.5634920634920635
bound,0.001786777843954735,0.01786777843954735,3,0,27,0.1
decide,0.02084574151280524,0.07861822513400833,35,0,97,0.26515151515151514
field_simp,0.01786777843954735,0.019654556283502083,30,0,3,0.9090909090909091
linarith,0.09112567004169149,0.2251340083382966,153,0,225,0.40476190476190477
nlinarith,0.011911852293031567,0.022036926742108397,20,0,17,0.5405405405405406
norm_num,0.007742703990470518,0.02144133412745682,13,0,23,0.3611111111111111
omega,0.006551518761167362,0.022632519356759976,11,0,27,0.2894736842105263
polyrith,0.0,0.0,0,0,0,
positivity,0.0273972602739726,0.09648600357355569,46,0,116,0.2839506172839506
ring,0.05896366885050625,0.10541989279332936,99,0,78,0.559322033898305
ring_nf,0.019654556283502083,0.026801667659321026,33,0,12,0.7333333333333333
simp,0.4252531268612269,0.5122096486003573,709,5,151,0.8196531791907514
simp_all,0.01846337105419893,0.0273972602739726,31,0,15,0.6739130434782609
tauto,0.012507444907683145,0.017272185824895772,21,0,8,0.7241379310344828
