axis,bin,human,machine,overlap_mass
chars,0-200,0.4140912593099906,0.00010084033613445378,0.00010084033613445378
chars,200-400,0.3630682304597209,0.004436974789915967,0.004436974789915967
chars,400-800,0.1550523642382216,0.14278991596638654,0.14278991596638654
chars,800-1600,0.050809006078246725,0.7212100840336134,0.050809006078246725
chars,1600+,0.016979139913820163,0.1314621848739496,0.016979139913820163
steps,0-2,0.35216733727135235,0.26077310924369745,0.26077310924369745
steps,2-4,0.31867990754216247,0.2699831932773109,0.2699831932773109
steps,4-8,0.18574322974631166,0.25865546218487395,0.18574322974631166
steps,8-16,0.0994207116970579,0.15384873949579833,0.0994207116970579
steps,16-32,0.034743029991724454,0.051126050420168066,0.034743029991724454
steps,32+,0.009245783751391148,0.00561344537815126,0.00561344537815126
