class,length_bin,declarations,targets,missed,cell_rate,rate_used,basis,axis
arith,0-2,14,34,25,0.7352941176470589,0.5539736258606606,length_bin_marginal,steps
arith,2-4,31,172,105,0.6104651162790697,0.6104651162790697,cell,steps
arith,4-8,115,1102,606,0.5499092558983666,0.5499092558983666,cell,steps
arith,8-16,122,2185,1195,0.5469107551487414,0.5469107551487414,cell,steps
arith,16+,190,7305,3344,0.45776865160848734,0.45776865160848734,cell,steps
simp,0-2,673,2989,2032,0.6798260287721646,0.6798260287721646,cell,steps
simp,2-4,855,5096,3283,0.6442307692307693,0.6442307692307693,cell,steps
simp,4-8,717,8255,4765,0.5772259236826166,0.5772259236826166,cell,steps
simp,8-16,727,13040,6731,0.5161809815950921,0.5161809815950921,cell,steps
simp,16+,591,20560,9043,0.43983463035019454,0.43983463035019454,cell,steps
decide,0-2,0,0,0,,0.5539736258606606,length_bin_marginal,steps
decide,2-4,22,88,24,0.2727272727272727,0.5377587796496521,length_bin_marginal,steps
decide,4-8,26,139,57,0.41007194244604317,0.5156842904123451,length_bin_marginal,steps
decide,8-16,15,114,36,0.3157894736842105,0.4955072536519251,length_bin_marginal,steps
decide,16+,13,197,58,0.29441624365482233,0.43886867350314257,length_bin_marginal,steps
other,0-2,228,1401,1238,0.8836545324768023,0.8836545324768023,cell,steps
other,2-4,322,2564,1738,0.6778471138845554,0.6778471138845554,cell,steps
other,4-8,245,2934,1701,0.5797546012269938,0.5797546012269938,cell,steps
other,8-16,152,2718,1368,0.5033112582781457,0.5033112582781457,cell,steps
other,16+,47,1411,594,0.4209780297661233,0.4209780297661233,cell,steps
none,0-2,920,4145,1452,0.3503015681544029,0.3503015681544029,cell,steps
none,2-4,864,4011,1266,0.3156320119670905,0.3156320119670905,cell,steps
none,4-8,449,3382,1025,0.30307510348905975,0.30307510348905975,cell,steps
none,8-16,159,1864,541,0.29023605150214593,0.29023605150214593,cell,steps
none,16+,34,757,228,0.3011889035667107,0.3011889035667107,cell,steps
arith,0-200,36,181,132,0.7292817679558011,0.7292817679558011,cell,chars
arith,200-400,113,926,509,0.5496760259179265,0.5496760259179265,cell,chars
arith,400-800,124,2031,1165,0.5736090595765633,0.5736090595765633,cell,chars
arith,800-1600,106,3029,1445,0.47705513370749425,0.47705513370749425,cell,chars
arith,1600+,93,4631,2024,0.43705463182897863,0.43705463182897863,cell,chars
simp,0-200,1051,4607,3365,0.7304102452789234,0.7304102452789234,cell,chars
simp,200-400,979,8220,4949,0.6020681265206813,0.6020681265206813,cell,chars
simp,400-800,789,12590,6773,0.5379666401906275,0.5379666401906275,cell,chars
simp,800-1600,473,11963,5579,0.4663545933294324,0.4663545933294324,cell,chars
simp,1600+,271,12560,5188,0.41305732484076435,0.41305732484076435,cell,chars
decide,0-200,20,65,30,0.46153846153846156,0.6171020518846606,length_bin_marginal,chars
decide,200-400,26,156,63,0.40384615384615385,0.5136845611502804,length_bin_marginal,chars
decide,400-800,18,126,26,0.20634920634920634,0.5010027695540064,length_bin_marginal,chars
decide,800-1600,9,125,36,0.288,0.45635202271114267,length_bin_marginal,chars
decide,1600+,3,66,20,0.30303030303030304,0.41504854368932037,length_bin_marginal,chars
other,0-200,426,2657,2121,0.798268724124953,0.798268724124953,cell,chars
other,200-400,291,2907,1808,0.6219470244238046,0.6219470244238046,cell,chars
other,400-800,182,2789,1504,0.5392613840086052,0.5392613840086052,cell,chars
other,800-1600,80,2072,982,0.47393822393822393,0.47393822393822393,cell,chars
other,1600+,15,603,224,0.3714759535655058,0.41504854368932037,length_bin_marginal,chars
none,0-200,980,3553,1179,0.3318322544328736,0.3318322544328736,cell,chars
none,200-400,1032,5804,1924,0.3314955203308063,0.3314955203308063,cell,chars
none,400-800,347,3406,1024,0.30064591896652965,0.30064591896652965,cell,chars
none,800-1600,60,1128,317,0.28102836879432624,0.28102836879432624,cell,chars
none,1600+,7,268,68,0.2537313432835821,0.41504854368932037,length_bin_marginal,chars
