class,basis,instrument,declarations,population,targets,missed,miss_rate
arith,marginal,extractor,404,475,9377,4618,0.4924816039244961
simp,marginal,extractor,876,31248,17111,8654,0.5057565308865642
decide,marginal,extractor,170,244,2423,1001,0.41312422616591005
other,marginal,extractor,524,2575,12510,7085,0.5663469224620303
none,marginal,extractor,393,37436,2282,718,0.31463628396143734
arith,marginal,reachable_bound,404,475,9377,4057,0.43265436706835875
simp,marginal,reachable_bound,876,31248,17111,7533,0.4402431184618082
decide,marginal,reachable_bound,170,244,2423,814,0.33594717292612464
other,marginal,reachable_bound,524,2575,12510,6398,0.5114308553157474
none,marginal,reachable_bound,393,37436,2282,519,0.22743207712532865
arith,marginal,ceiling_matcher,404,475,9377,3233,0.3447797803135331
simp,marginal,ceiling_matcher,876,31248,17111,5515,0.32230728770966044
decide,marginal,ceiling_matcher,170,244,2423,514,0.212133718530747
other,marginal,ceiling_matcher,524,2575,12510,5107,0.4082334132693845
none,marginal,ceiling_matcher,393,37436,2282,236,0.10341805433829973
arith,partition,extractor,404,-1,9377,4618,0.4924816039244961
simp,partition,extractor,649,-1,10111,5223,0.5165661161111661
decide,partition,extractor,76,-1,538,175,0.3252788104089219
other,partition,extractor,157,-1,1775,1089,0.6135211267605634
none,partition,extractor,393,-1,2282,718,0.31463628396143734
arith,partition,reachable_bound,404,-1,9377,4057,0.43265436706835875
simp,partition,reachable_bound,649,-1,10111,4520,0.44703787953713775
decide,partition,reachable_bound,76,-1,538,133,0.24721189591078066
other,partition,reachable_bound,157,-1,1775,998,0.5622535211267605
none,partition,reachable_bound,393,-1,2282,519,0.22743207712532865
arith,partition,ceiling_matcher,404,-1,9377,3233,0.3447797803135331
simp,partition,ceiling_matcher,649,-1,10111,3059,0.30254178617347444
decide,partition,ceiling_matcher,76,-1,538,68,0.12639405204460966
other,partition,ceiling_matcher,157,-1,1775,723,0.40732394366197183
none,partition,ceiling_matcher,393,-1,2282,236,0.10341805433829973
