precedence,instrument,imputed_human,imputed_machine,gap
decide>other>arith>simp,extractor,0.4111247686584409,0.4706093979299804,0.059484629271539524
other>decide>arith>simp,extractor,0.41101888353399635,0.47093190988592093,0.05991302635192458
other>arith>decide>simp,extractor,0.4110181060273189,0.4710549338975596,0.06003682787024067
decide>arith>simp>other,extractor,0.41808875467708717,0.485560480957429,0.06747172628034181
arith>decide>simp>other,extractor,0.4180580014441847,0.4863201425028297,0.06826214105864498
decide>arith>other>simp,extractor,0.41116375816608725,0.4849716008115119,0.07380784264542467
arith>decide>other>simp,extractor,0.4111330049331848,0.48573126235691266,0.07459825742372789
arith>other>decide>simp,extractor,0.4110519221908263,0.4867214592300174,0.0756695370391911
decide>simp>other>arith,extractor,0.4085292351323104,0.48494081245336784,0.07641157732105747
other>arith>simp>decide,extractor,0.3937592635015075,0.4725620724859424,0.07880280898443492
arith>simp>decide>other,extractor,0.40961379783723456,0.48972534994309014,0.08011155210585558
arith>simp>other>decide,extractor,0.4095816323063906,0.4904979376482266,0.08091630534183597
simp>decide>other>arith,extractor,0.4047718016086391,0.48695461495353953,0.08218281334490041
decide>other>simp>arith,extractor,0.38594932792531955,0.4682111060329442,0.08226177810762464
other>decide>simp>arith,extractor,0.38584344280087507,0.4685336179888847,0.08269017518800964
simp>other>decide>arith,extractor,0.40474044876017923,0.4877699170665122,0.08302946830633295
simp>other>arith>decide,extractor,0.40474044876017923,0.4878020405712887,0.08306159181110945
decide>simp>arith>other,extractor,0.40866370085534753,0.49200117829639106,0.08333747744104353
other>simp>decide>arith,extractor,0.3806919166901648,0.4694400264896305,0.08874810979946574
other>simp>arith>decide,extractor,0.3806919166901648,0.469472149994407,0.08878023330424223
simp>decide>arith>other,extractor,0.40490626733167634,0.49401498079656275,0.08910871346488641
simp>arith>decide>other,extractor,0.40490626733167634,0.4941261644166969,0.08921989708502054
simp>arith>other>decide,extractor,0.40487410180083233,0.4948987521218334,0.09002465032100104
arith>other>simp>decide,extractor,0.39379307966501487,0.4882285978184002,0.09443551815338536
decide>other>arith>simp,reachable_bound,0.324825004416395,0.40576494559670984,0.08093994118031483
other>decide>arith>simp,reachable_bound,0.3247014326487563,0.40612452425418993,0.08142309160543365
other>arith>decide>simp,reachable_bound,0.32470035715758966,0.40629993371329826,0.0815995765557086
decide>arith>simp>other,reachable_bound,0.34022442398921354,0.4227496169184483,0.08252519292923477
arith>decide>simp>other,reachable_bound,0.3401904563726029,0.42343534998246124,0.08324489360985832
decide>simp>other>arith,reachable_bound,0.3322062852935213,0.42263791320089583,0.09043162790737452
arith>simp>decide>other,reachable_bound,0.33096671559212465,0.4271092005004062,0.09614248490828153
decide>simp>arith>other,reachable_bound,0.3323811803663982,0.42871839952839563,0.09633721916199744
decide>arith>other>simp,reachable_bound,0.32485362490742525,0.4213857036347816,0.09653207872735636
arith>simp>other>decide,reachable_bound,0.3309401901051886,0.4279479938751538,0.0970078037699652
simp>decide>other>arith,reachable_bound,0.3278364978687638,0.42491757976808253,0.09708108189931874
arith>decide>other>simp,reachable_bound,0.3248196572908147,0.4220714366987946,0.09725177940797991
simp>other>decide>arith,reachable_bound,0.32780548044234115,0.4259709710219128,0.09816549057957163
simp>other>arith>decide,reachable_bound,0.32780548044234115,0.4260112699297495,0.09820578948740838
arith>other>decide>simp,reachable_bound,0.32472914208982223,0.42318989058997575,0.09846074850015352
other>arith>simp>decide,reachable_bound,0.3082347179561099,0.4077733266001371,0.0995386086440272
decide>other>simp>arith,reachable_bound,0.30414862324088315,0.40451872974012393,0.10037010649924077
other>decide>simp>arith,reachable_bound,0.3040250514732444,0.404878308397604,0.10085325692435965
simp>decide>arith>other,reachable_bound,0.3280113929416407,0.43099806609558233,0.10298667315394161
simp>arith>decide>other,reachable_bound,0.3280113929416407,0.43112068615044963,0.1031092932088089
simp>arith>other>decide,reachable_bound,0.3279848674547047,0.4319594795251973,0.10397461207049263
other>simp>decide>arith,reachable_bound,0.29852980823366043,0.40582145747576476,0.10729164924210433
other>simp>arith>decide,reachable_bound,0.29852980823366043,0.40586175638360156,0.10733194814994113
arith>other>simp>decide,reachable_bound,0.30826350288834253,0.42466328347681465,0.11639978058847211
decide>simp>other>arith,ceiling_matcher,0.21116040968363328,0.2957019095198698,0.08454149983623652
simp>decide>other>arith,ceiling_matcher,0.20643489128191533,0.29811971693083084,0.0916848256489155
simp>other>decide>arith,ceiling_matcher,0.20640748114889937,0.29930486846010884,0.09289738731120947
simp>other>arith>decide,ceiling_matcher,0.20640748114889937,0.29934163609485004,0.09293415494595067
decide>simp>arith>other,ceiling_matcher,0.21101010059058184,0.3131933988159799,0.10218329822539807
simp>decide>arith>other,ceiling_matcher,0.2062845821888639,0.3156112062269409,0.109326624038077
simp>arith>decide>other,ceiling_matcher,0.2062845821888639,0.3157392493492653,0.10945466716040139
simp>arith>other>decide,ceiling_matcher,0.20627430367595728,0.31647850275942024,0.11020419908346296
decide>other>simp>arith,ceiling_matcher,0.1700412758875014,0.281059161031515,0.11101788514401362
other>decide>simp>arith,ceiling_matcher,0.16990597649894865,0.28147284129022504,0.1115668647912764
other>simp>decide>arith,ceiling_matcher,0.16570293372896516,0.28227185544574496,0.1165689217167798
other>simp>arith>decide,ceiling_matcher,0.16570293372896516,0.2823086230804861,0.11660568935152094
decide>arith>simp>other,ceiling_matcher,0.20580212135144146,0.3226487558206492,0.11684663446920776
arith>decide>simp>other,ceiling_matcher,0.2057563597032902,0.32353261065129074,0.11777625094800054
arith>simp>decide>other,ceiling_matcher,0.1976857667316552,0.32675369355088485,0.12906792681922966
arith>simp>other>decide,ceiling_matcher,0.19767548821874859,0.3274929469610398,0.12981745874229123
decide>other>arith>simp,ceiling_matcher,0.1595269897100703,0.2950515137541,0.1355245240440297
other>decide>arith>simp,ceiling_matcher,0.15939169032151754,0.29546519401281,0.13607350369129248
other>arith>decide>simp,ceiling_matcher,0.15939019858560644,0.2957285542026022,0.13633835561699575
other>arith>simp>decide,ceiling_matcher,0.15520512885368065,0.29646076589248144,0.14125563703880079
decide>arith>other>simp,ceiling_matcher,0.15911015304015472,0.31836070795777466,0.15925055491761994
arith>decide>other>simp,ceiling_matcher,0.15906439139200343,0.31924456278841623,0.1601801713964128
arith>other>decide>simp,ceiling_matcher,0.15896928574084826,0.32042367814251554,0.16145439240166728
arith>other>simp>decide,ceiling_matcher,0.15478421600892248,0.3211558898323948,0.16637167382347232
