rank,premise,occurrences,share,cumulative_share
1,sq_nonneg,16718,0.27009386561545795,0.27009386561545795
2,Real.sqrt,2434,0.03932339208685397,0.30941725770231193
3,mul_nonneg,2386,0.03854791023797599,0.3479651679402879
4,mul_pos,2181,0.03523595650839297,0.3832011244486809
5,mul_self_nonneg,1765,0.028515113818117194,0.41171623826679804
6,Real.sq_sqrt,1726,0.02788503481590384,0.43960127308270186
7,mul_comm,1331,0.021503465434512172,0.461104738517214
8,Nat.add_assoc,1210,0.019548604940465612,0.4806533434576796
9,mul_assoc,1097,0.017722991421232046,0.4983763348789117
10,mul_left_comm,1032,0.016672859750876456,0.5150491946297882
11,Nat.add_left_comm,939,0.01517036366867538,0.5302195582984636
12,Nat.add_comm,907,0.014653375769423396,0.544872934067887
13,Nat.succ,799,0.012908541609447955,0.5577814756773349
14,Nat.zero,799,0.012908541609447955,0.5706900172867829
15,Real.sqrt_nonneg,797,0.012876229865744705,0.5835662471525276
16,mul_add,741,0.011971501042053734,0.5955377481945813
17,le_total,710,0.011470669014653375,0.6070084172092346
18,Real.cos,683,0.011034460474659514,0.6180428776838941
19,Real.sin,679,0.010969836987253017,0.6290127146711472
20,Int.ModEq,639,0.010323602113188038,0.6393363167843352
21,Finset.range,610,0.009855081829490929,0.6491913986138261
22,sq,537,0.008675703184322342,0.6578671017981484
23,Int.mul_emod,536,0.008659547312470718,0.6665266491106192
24,mul_one,502,0.008110247669515486,0.6746368967801347
25,Nat.pow_succ,424,0.006850089665088777,0.6814869864452235
26,Int.add_emod,418,0.00675315443397903,0.6882401408792026
27,Nat.choose,414,0.006688530946572532,0.6949286718257751
28,mul_sub,394,0.006365413509540042,0.7012940853353151
29,Set.Icc,393,0.006349257637688418,0.7076433429730036
30,pow_two,362,0.005848425610288059,0.7134917685832917
31,Real.le_sqrt_of_sq_le,348,0.005622243404365316,0.719114011987657
32,Rat.sub_eq_add_neg,341,0.005509152301403945,0.7246231642890609
33,Finset.Icc,332,0.005363749454739325,0.7299869137438002
34,pow_succ,287,0.004636735221416223,0.7346236489652165
35,Nat.add_right_comm,271,0.004378241271790232,0.7390018902370067
36,Nat.div_eq_of_lt,263,0.004248994296977236,0.7432508845339839
37,mul_neg,254,0.004103591450312616,0.7473544759842965
38,Nat.add_zero,249,0.0040228120910544935,0.751377288075351
39,ge_iff_le,247,0.003990500347351245,0.7553677884227022
40,add_mul,243,0.0039258768599447465,0.759293665282647
41,Nat.mul_succ,237,0.003828941628835,0.7631226069114819
42,mul_left_cancel,232,0.0037481622695768775,0.7668707691810588
43,Nat.zero_add,228,0.0036835387821703798,0.7705543079632292
44,Nat.mul_zero,218,0.003521980063654135,0.7740762880268833
45,Real.cos_sq,213,0.0034412007043960126,0.7775174887312793
46,le_of_sub_nonneg,200,0.0032311743703248947,0.7807486631016043
47,Real.sin_sq,197,0.003182706754770021,0.7839313698563743
48,sub_mul,195,0.0031503950110667723,0.7870817648674411
49,Real.sin_add,171,0.002762654086627785,0.7898444189540689
50,Eq.symm,170,0.0027464982147761604,0.792590917168845
51,div_le_one,164,0.0026495629836664134,0.7952404801525114
52,Nat.succ_eq_add_one,159,0.0025687836244082914,0.7978092637769196
53,Real.log,157,0.002536471880705042,0.8003457356576247
54,mul_right_comm,152,0.0024556925214469197,0.8028014281790716
55,neg_mul,148,0.002391069034040422,0.805192497213112
56,Real.sin_sq_add_cos_sq,147,0.0023749131621887973,0.8075674103753009
57,Int.sub_emod,146,0.002358757290337173,0.8099261676656381
58,le_of_lt,140,0.002261822059227426,0.8121879897248655
59,Nat.mul_mod,139,0.002245666187375802,0.8144336559122413
60,Real.cos_add,134,0.0021648868281176794,0.8165985427403589
61,Nat.choose_succ_succ,132,0.0021325750844144306,0.8187311178247734
62,Rat.add_nonneg,130,0.0021002633407111813,0.8208313811654846
63,Nat.add_mod,129,0.002084107468859557,0.8229154886343442
64,pow_mul,126,0.0020356398533046835,0.8249511284876488
65,pow_pos,126,0.0020356398533046835,0.8269867683409535
66,Real.exp,122,0.001971016365898186,0.8289577847068517
67,Real.sin_sub,122,0.001971016365898186,0.8309288010727498
68,Real.cos_sub,120,0.0019387046221949367,0.8328675056949447
69,Real.pi,117,0.0018902370066400634,0.8347577427015848
70,Set,115,0.0018579252629368143,0.8366156679645216
71,pow_three,114,0.0018417693910851899,0.8384574373556067
72,Nat.succ_le_iff,111,0.0017933017755303166,0.840250739131137
73,Nat.sub_zero,109,0.0017609900318270675,0.8420117291629641
74,pow_add,109,0.0017609900318270675,0.8437727191947911
75,Fin,103,0.0016640548007173207,0.8454367739955084
76,Nat.factorial,95,0.001534807825904325,0.8469715818214127
77,Int.dvd_iff_emod_eq_zero,93,0.0015024960822010759,0.8484740779036138
78,Nat.mod_eq_of_lt,93,0.0015024960822010759,0.8499765739858149
79,Nat.pow_mod,93,0.0015024960822010759,0.851479070068016
80,Int.pow_succ,88,0.0014217167229429537,0.852900786790959
81,Int.emod_emod,85,0.0013732491073880802,0.8542740358983472
82,Nat.gcd,84,0.0013570932355364558,0.8556311291338836
83,Nat.zero_sub,82,0.0013247814918332067,0.8569559106257169
84,Nat.dvd_iff_mod_eq_zero,80,0.0012924697481299578,0.8582483803738468
85,Odd,80,0.0012924697481299578,0.8595408501219767
86,Real.cos_two_mul,80,0.0012924697481299578,0.8608333198701066
87,Or.inl,78,0.001260158004426709,0.8620934778745333
88,div_eq_mul_inv,78,0.001260158004426709,0.86335363587896
89,Real.sin_two_mul,76,0.0012278462607234599,0.8645814821396834
90,Eq.refl,75,0.0012116903888718354,0.8657931725285553
91,Int.pow_zero,75,0.0012116903888718354,0.8670048629174271
92,pow_two_nonneg,75,0.0012116903888718354,0.8682165533062989
93,Finset,74,0.001195534517020211,0.8694120878233191
94,Real.rpow_two,74,0.001195534517020211,0.8706076223403394
95,Nat.dvd_of_mod_eq_zero,73,0.0011793786451685865,0.871787000985508
96,Or.inr,73,0.0011793786451685865,0.8729663796306766
97,Nat.ModEq,72,0.0011632227733169621,0.8741296024039935
98,pow_one,69,0.0011147551577620886,0.8752443575617556
99,Nat.sum_range_choose,68,0.0010985992859104642,0.876342956847666
100,lt_of_sub_pos,68,0.0010985992859104642,0.8774415561335766
101,Nat.div_self,67,0.0010824434140588397,0.8785239995476354
102,Real.tan,67,0.0010824434140588397,0.8796064429616942
103,Nat.Prime,65,0.0010501316703555906,0.8806565746320498
104,Nat.mul_assoc,65,0.0010501316703555906,0.8817067063024054
105,Nat.mul_comm,64,0.0010339757985039662,0.8827406821009094
106,Rat.neg_sub,64,0.0010339757985039662,0.8837746578994133
107,And.intro,61,0.000985508182949093,0.8847601660823624
108,Nat.fib,60,0.0009693523110974684,0.8857295183934599
109,Real.cos_le_one,60,0.0009693523110974684,0.8866988707045574
110,Int.dvd_of_emod_eq_zero,58,0.0009370405673942194,0.8876359112719516
111,Nat.Coprime,58,0.0009370405673942194,0.8885729518393458
112,Int.emod_eq_of_lt,57,0.0009208846955425949,0.8894938365348884
113,Nat.mul_one,57,0.0009208846955425949,0.8904147212304311
114,Real.logb,57,0.0009208846955425949,0.8913356059259737
115,Real.sin_le_one,56,0.0009047288236909705,0.8922403347496647
116,Nat.add_sub_cancel,55,0.000888572951839346,0.893128907701504
117,Nat.cast_succ,53,0.0008562612081360971,0.8939851689096401
118,Nat.cast_one,52,0.0008401053362844726,0.8948252742459245
119,Nat.zero_mul,52,0.0008401053362844726,0.8956653795822089
120,Real.add_one_le_exp,52,0.0008401053362844726,0.8965054849184934
121,Nat.mod_mod,51,0.0008239494644328481,0.8973294343829262
122,Nat.pow_zero,51,0.0008239494644328481,0.8981533838473591
123,Nat.succ_mul,51,0.0008239494644328481,0.898977333311792
124,sq_pos_of_ne_zero,51,0.0008239494644328481,0.8998012827762248
125,sq_pos_of_pos,50,0.0008077935925812237,0.900609076368806
126,Real.sqrt_eq_iff_mul_self_eq,49,0.0007916377207295991,0.9014007140895357
127,div_nonneg,49,0.0007916377207295991,0.9021923518102654
128,one_pow,49,0.0007916377207295991,0.902983989530995
129,Real.sqrt_le_sqrt,47,0.0007593259770263503,0.9037433155080213
130,Complex.ext_iff,46,0.0007431701051747257,0.9044864856131961
131,Nat.max,46,0.0007431701051747257,0.9052296557183709
132,Nat.nat_sub_dvd_pow_sub_pow,46,0.0007431701051747257,0.9059728258235457
133,Nat.cast_add,44,0.0007108583614714769,0.9066836841850171
134,Nat.cast_zero,44,0.0007108583614714769,0.9073945425464885
135,mul_div_cancel_left,44,0.0007108583614714769,0.90810540090796
136,Nat.le,43,0.0006947024896198523,0.9088001033975799
137,Nat.mul_add,43,0.0006947024896198523,0.9094948058871998
138,Nat.sum_Icc_choose,43,0.0006947024896198523,0.9101895083768197
139,Set.Ioo,43,0.0006947024896198523,0.9108842108664396
140,Matrix,42,0.0006785466177682279,0.9115627574842078
141,Nat.add_sub_assoc,42,0.0006785466177682279,0.912241304101976
142,Nat.mul_left_comm,42,0.0006785466177682279,0.9129198507197442
143,Nat.cast_mul,41,0.0006623907459166033,0.9135822414656608
144,Real.log_mul,40,0.0006462348740649789,0.9142284763397258
145,Nat.choose_zero_right,39,0.0006300790022133545,0.9148585553419392
146,Int.floor,38,0.0006139231303617299,0.9154724784723008
147,Complex.I,37,0.0005977672585101055,0.916070245730811
148,Finset.prod_Icc_succ_top,37,0.0005977672585101055,0.9166680129893211
149,Finset.prod_range_succ,37,0.0005977672585101055,0.9172657802478312
150,Int.floor_le,37,0.0005977672585101055,0.9178635475063414
151,Polynomial,37,0.0005977672585101055,0.9184613147648515
152,Continuous,36,0.0005816113866584811,0.91904292615151
153,Int.floor_eq_iff,36,0.0005816113866584811,0.9196245375381684
154,Nat.mul_sub_left_distrib,36,0.0005816113866584811,0.9202061489248269
155,Set.mem_Icc,36,0.0005816113866584811,0.9207877603114853
156,Nat.add_mul,33,0.0005331437711036076,0.9213209040825889
157,dvd_iff_exists_eq_mul_left,33,0.0005331437711036076,0.9218540478536925
158,pow_nonneg,33,0.0005331437711036076,0.9223871916247961
159,Int.lt_floor_add_one,31,0.0005008320274003587,0.9228880236521965
160,Nat.totient,31,0.0005008320274003587,0.9233888556795968
161,Real.tan_eq_sin_div_cos,31,0.0005008320274003587,0.9238896877069972
162,one_mul,31,0.0005008320274003587,0.9243905197343976
163,Finset.filter,30,0.0004846761555487342,0.9248751958899463
164,Nat.choose_eq_factorial_div_factorial,30,0.0004846761555487342,0.925359872045495
165,Rat.div_lt_iff,30,0.0004846761555487342,0.9258445482010437
166,Nat.pow_mul,29,0.0004685202836971097,0.9263130684847408
167,congr_arg,29,0.0004685202836971097,0.926781588768438
168,Int.emod_eq_emod_iff_emod_sub_eq_zero,28,0.00045236441184548525,0.9272339531802835
169,Complex.normSq,27,0.00043620853999386077,0.9276701617202773
170,Nat.choose_one_right,27,0.00043620853999386077,0.9281063702602711
171,eq_comm,27,0.00043620853999386077,0.9285425788002649
172,Function.Injective,26,0.0004200526681422363,0.9289626314684072
173,Nat.sub_self,26,0.0004200526681422363,0.9293826841365495
174,Nat.sub_sub,26,0.0004200526681422363,0.9298027368046917
175,Real.cos_sq_add_sin_sq,26,0.0004200526681422363,0.930222789472834
176,Real.log_le_sub_one_of_pos,26,0.0004200526681422363,0.9306428421409763
177,Real.mul_self_sqrt,26,0.0004200526681422363,0.9310628948091185
178,Real.sin_pi_div_two,26,0.0004200526681422363,0.9314829474772608
179,Real.sin_three_mul,26,0.0004200526681422363,0.9319030001454031
180,Set.range,26,0.0004200526681422363,0.9323230528135453
181,ZMod,26,0.0004200526681422363,0.9327431054816876
182,NNReal,25,0.00040389679629061184,0.9331470022779782
183,Nat.cast_sub,25,0.00040389679629061184,0.9335508990742688
184,Nat.choose_symm_of_eq_add,25,0.00040389679629061184,0.9339547958705594
185,Real.cos_pi_div_two,25,0.00040389679629061184,0.93435869266685
186,Set.mem_inter_iff,25,0.00040389679629061184,0.9347625894631406
187,Nat.mul_div_cancel_left,24,0.00038774092443898735,0.9351503303875796
188,Nat.succ_pos,24,0.00038774092443898735,0.9355380713120185
189,Nat.zero_le,24,0.00038774092443898735,0.9359258122364574
190,pow_zero,24,0.00038774092443898735,0.9363135531608964
191,Nat.fib_add_two,23,0.00037158505258736286,0.9366851382134838
192,Real.cos_three_mul,23,0.00037158505258736286,0.9370567232660711
193,Real.lt_sqrt_of_sq_lt,23,0.00037158505258736286,0.9374283083186585
194,Real.pi_pos,23,0.00037158505258736286,0.9377998933712459
195,Real.sin_lt,23,0.00037158505258736286,0.9381714784238333
196,Finset.card,22,0.00035542918073573843,0.938526907604569
197,Nat.lcm,22,0.00035542918073573843,0.9388823367853047
198,Nat.lt_pow_self,22,0.00035542918073573843,0.9392377659660405
199,Nat.sub_sub_sub_cancel_right,22,0.00035542918073573843,0.9395931951467762
200,Nat.zero_eq,22,0.00035542918073573843,0.9399486243275119
201,Real.sqrt_le_iff,22,0.00035542918073573843,0.9403040535082476
202,add_pow,22,0.00035542918073573843,0.9406594826889834
203,Real.log_rpow,21,0.00033927330888411394,0.9409987559978675
204,Real.sqrt_pos,21,0.00033927330888411394,0.9413380293067517
205,add_sq,21,0.00033927330888411394,0.9416773026156359
206,Nat.divisors,20,0.00032311743703248945,0.9420004200526684
207,Nat.fib_one,20,0.00032311743703248945,0.9423235374897009
208,Nat.gcd_eq_right,20,0.00032311743703248945,0.9426466549267334
209,Nat.lt_succ_iff,20,0.00032311743703248945,0.9429697723637659
210,Nat.sub_eq_iff_eq_add,20,0.00032311743703248945,0.9432928898007984
211,Real.exp_pos,20,0.00032311743703248945,0.9436160072378309
212,Real.log_inv,20,0.00032311743703248945,0.9439391246748634
213,Real.neg_one_le_cos,20,0.00032311743703248945,0.9442622421118959
214,Real.neg_one_le_sin,20,0.00032311743703248945,0.9445853595489284
215,Nat.cast_pow,19,0.00030696156518086496,0.9448923211141093
216,Nat.digits,19,0.00030696156518086496,0.9451992826792901
217,Nat.min,19,0.00030696156518086496,0.9455062442444709
218,Real.norm_eq_abs,19,0.00030696156518086496,0.9458132058096518
219,Nat.mul_sub_right_distrib,18,0.00029080569332924053,0.9461040115029811
220,Rat.pos,18,0.00029080569332924053,0.9463948171963104
221,Real.sqrt_ne_zero,18,0.00029080569332924053,0.9466856228896396
222,div_le_self,18,0.00029080569332924053,0.9469764285829689
223,Function.Bijective,17,0.00027464982147761604,0.9472510784044466
224,Iff.intro,17,0.00027464982147761604,0.9475257282259242
225,Nat.cast_ofNat,17,0.00027464982147761604,0.9478003780474018
226,Nat.choose_two_right,17,0.00027464982147761604,0.9480750278688794
227,Nat.le_of_not_lt,17,0.00027464982147761604,0.948349677690357
228,Real.sin_neg,17,0.00027464982147761604,0.9486243275118347
229,Real.sqrt_sq_eq_abs,17,0.00027464982147761604,0.9488989773333123
230,Set.mem_union,17,0.00027464982147761604,0.9491736271547899
231,gt_iff_lt,17,0.00027464982147761604,0.9494482769762675
232,Function.Surjective,16,0.00025849394962599155,0.9497067709258935
233,Int.mul_comm,16,0.00025849394962599155,0.9499652648755195
234,Nat.gcd_comm,16,0.00025849394962599155,0.9502237588251454
235,Real.exp_add,16,0.00025849394962599155,0.9504822527747714
236,Real.sqrt_sq,16,0.00025849394962599155,0.9507407467243973
237,div_pos,16,0.00025849394962599155,0.9509992406740233
238,even_iff_two_dvd,16,0.00025849394962599155,0.9512577346236493
239,max_le_iff,16,0.00025849394962599155,0.9515162285732752
240,one_div,16,0.00025849394962599155,0.9517747225229012
241,Int.ModEq.add,15,0.0002423380777743671,0.9520170606006756
242,Real.log_pow,15,0.0002423380777743671,0.95225939867845
243,Real.sqrt_mul,15,0.0002423380777743671,0.9525017367562244
244,Set.mem_setOf_eq,15,0.0002423380777743671,0.9527440748339988
245,Int.mul_assoc,14,0.00022618220592274263,0.9529702570399216
246,Nat.max_eq_left,14,0.00022618220592274263,0.9531964392458443
247,Nat.max_eq_right,14,0.00022618220592274263,0.953422621451767
248,Real.log_le_iff_le_exp,14,0.00022618220592274263,0.9536488036576898
249,Real.sqrt_lt_sqrt,14,0.00022618220592274263,0.9538749858636125
250,Set.mem_diff,14,0.00022618220592274263,0.9541011680695353
251,mul_neg_one,14,0.00022618220592274263,0.954327350275458
252,mul_nonpos_of_nonpos_of_nonneg,14,0.00022618220592274263,0.9545535324813808
253,mul_pow,14,0.00022618220592274263,0.9547797146873035
254,zero_le_one,14,0.00022618220592274263,0.9550058968932262
255,zpow_neg,14,0.00022618220592274263,0.955232079099149
256,Finset.mem_Icc,13,0.00021002633407111814,0.9554421054332201
257,Int.add_assoc,13,0.00021002633407111814,0.9556521317672911
258,Int.add_mul,13,0.00021002633407111814,0.9558621581013622
259,Nat.add_succ,13,0.00021002633407111814,0.9560721844354333
260,Nat.choose_self,13,0.00021002633407111814,0.9562822107695044
261,Nat.mod_add_div,13,0.00021002633407111814,0.9564922371035754
262,Nat.pow_two,13,0.00021002633407111814,0.9567022634376465
263,Nat.zero_lt_succ,13,0.00021002633407111814,0.9569122897717176
264,Real.cosh,13,0.00021002633407111814,0.9571223161057887
265,Real.log_lt_sub_one_of_pos,13,0.00021002633407111814,0.9573323424398598
266,Real.sqrt_lt,13,0.00021002633407111814,0.9575423687739308
267,Real.sqrt_one,13,0.00021002633407111814,0.9577523951080019
268,Set.univ,13,0.00021002633407111814,0.957962421442073
269,mul_right_cancel,13,0.00021002633407111814,0.9581724477761441
270,CommRing,12,0.00019387046221949368,0.9583663182383636
271,Int.ModEq.mul,12,0.00019387046221949368,0.9585601887005831
272,Int.emod_add_ediv,12,0.00019387046221949368,0.9587540591628027
273,Int.even_add,12,0.00019387046221949368,0.9589479296250222
274,Int.even_mul,12,0.00019387046221949368,0.9591418000872417
275,Matrix.det,12,0.00019387046221949368,0.9593356705494612
276,Nat.coprime_comm,12,0.00019387046221949368,0.9595295410116808
277,Nat.coprime_mul_iff_left,12,0.00019387046221949368,0.9597234114739003
278,Nat.factorial_succ,12,0.00019387046221949368,0.9599172819361198
279,Nat.lt_succ_self,12,0.00019387046221949368,0.9601111523983393
280,Nat.modEq_iff_dvd,12,0.00019387046221949368,0.9603050228605589
281,Nat.sub_add_cancel,12,0.00019387046221949368,0.9604988933227784
282,Polynomial.sub_dvd_eval_sub,12,0.00019387046221949368,0.9606927637849979
283,Real.add_one_lt_exp,12,0.00019387046221949368,0.9608866342472174
284,Real.log_div,12,0.00019387046221949368,0.961080504709437
285,Real.lt_tan,12,0.00019387046221949368,0.9612743751716565
286,Set.mem_range,12,0.00019387046221949368,0.961468245633876
287,congr_fun,12,0.00019387046221949368,0.9616621160960955
288,le_of_not_gt,12,0.00019387046221949368,0.9618559865583151
289,mul_right_inj',12,0.00019387046221949368,0.9620498570205346
290,neg_mul_eq_neg_mul,12,0.00019387046221949368,0.9622437274827541
291,Finset.mem_insert,11,0.00017771459036786921,0.962421442073122
292,Finset.mem_singleton,11,0.00017771459036786921,0.9625991566634898
293,Int.gcd_eq_gcd_ab,11,0.00017771459036786921,0.9627768712538577
294,Int.mul_add,11,0.00017771459036786921,0.9629545858442256
295,Nat.fib_add,11,0.00017771459036786921,0.9631323004345934
296,Set.mem_singleton_iff,11,0.00017771459036786921,0.9633100150249613
297,zpow_two,11,0.00017771459036786921,0.9634877296153291
298,Finset.abs_sum_le_sum_abs,10,0.00016155871851624473,0.9636492883338453
299,Finset.card_eq_succ,10,0.00016155871851624473,0.9638108470523615
300,Int.add_left_comm,10,0.00016155871851624473,0.9639724057708777
301,Int.even_pow,10,0.00016155871851624473,0.9641339644893939
302,Int.mul_left_comm,10,0.00016155871851624473,0.9642955232079101
303,Matrix.det_fin_three,10,0.00016155871851624473,0.9644570819264263
304,Matrix.mul_apply,10,0.00016155871851624473,0.9646186406449425
305,Nat.coprime_mul_iff_right,10,0.00016155871851624473,0.9647801993634587
306,Nat.fib_zero,10,0.00016155871851624473,0.9649417580819749
307,Nat.one_le_iff_ne_zero,10,0.00016155871851624473,0.9651033168004911
308,Nat.pow_add,10,0.00016155871851624473,0.9652648755190073
309,Real.cos_pi_div_four,10,0.00016155871851624473,0.9654264342375235
310,Real.cos_pos_of_mem_Ioo,10,0.00016155871851624473,0.9655879929560397
311,Real.sinh,10,0.00016155871851624473,0.9657495516745559
312,abs_mul,10,0.00016155871851624473,0.9659111103930721
313,le_of_eq,10,0.00016155871851624473,0.9660726691115883
314,le_refl,10,0.00016155871851624473,0.9662342278301045
315,norm_mul,10,0.00016155871851624473,0.9663957865486207
316,ContinuousOn,9,0.00014540284666462026,0.9665411893952853
317,Function.comp_apply,9,0.00014540284666462026,0.96668659224195
318,Int.ModEq.symm,9,0.00014540284666462026,0.9668319950886146
319,Int.even_sub,9,0.00014540284666462026,0.9669773979352793
320,Int.mul_neg,9,0.00014540284666462026,0.9671228007819439
321,Int.neg_mul,9,0.00014540284666462026,0.9672682036286085
322,Nat.choose_succ_right_eq,9,0.00014540284666462026,0.9674136064752732
323,Nat.even_iff,9,0.00014540284666462026,0.9675590093219378
324,Nat.gcd_dvd_right,9,0.00014540284666462026,0.9677044121686025
325,Nat.gcd_eq_gcd_ab,9,0.00014540284666462026,0.9678498150152671
326,Nat.sum_totient,9,0.00014540284666462026,0.9679952178619318
327,Nat.totient_mul,9,0.00014540284666462026,0.9681406207085964
328,Real.arcsin,9,0.00014540284666462026,0.968286023555261
329,Real.cos_neg,9,0.00014540284666462026,0.9684314264019257
330,Real.log_pos,9,0.00014540284666462026,0.9685768292485903
331,continuous_const,9,0.00014540284666462026,0.968722232095255
332,tsum_geometric_of_abs_lt_one,9,0.00014540284666462026,0.9688676349419196
333,Complex.ofReal_im,8,0.00012924697481299578,0.9689968819167326
334,Complex.ofReal_re,8,0.00012924697481299578,0.9691261288915456
335,ContinuousAt,8,0.00012924697481299578,0.9692553758663586
336,Finset.card_range,8,0.00012924697481299578,0.9693846228411716
337,Finset.mem_filter,8,0.00012924697481299578,0.9695138698159845
338,Finset.mem_range,8,0.00012924697481299578,0.9696431167907975
339,Int.add_comm,8,0.00012924697481299578,0.9697723637656105
340,Nat.ModEq.pow_totient,8,0.00012924697481299578,0.9699016107404235
341,Nat.add_right_inj,8,0.00012924697481299578,0.9700308577152364
342,Nat.coprime_iff_gcd_eq_one,8,0.00012924697481299578,0.9701601046900494
343,Nat.gcd_dvd_left,8,0.00012924697481299578,0.9702893516648624
344,Nat.gcd_mul_lcm,8,0.00012924697481299578,0.9704185986396754
345,Nat.one_mul,8,0.00012924697481299578,0.9705478456144884
346,Rat.den,8,0.00012924697481299578,0.9706770925893013
347,Real.rpow_add,8,0.00012924697481299578,0.9708063395641143
348,Real.sin_pos_of_pos_of_lt_pi,8,0.00012924697481299578,0.9709355865389273
349,dvd_add,8,0.00012924697481299578,0.9710648335137403
350,eq_self_iff_true,8,0.00012924697481299578,0.9711940804885533
351,mul_nonpos_of_nonneg_of_nonpos,8,0.00012924697481299578,0.9713233274633662
352,symm,8,0.00012924697481299578,0.9714525744381792
353,Fact.mk,7,0.00011309110296137131,0.9715656655411407
354,Int.ModEq.pow,7,0.00011309110296137131,0.9716787566441021
355,Int.mul_one,7,0.00011309110296137131,0.9717918477470635
356,MetricSpace,7,0.00011309110296137131,0.9719049388500249
357,Nat.add_left_inj,7,0.00011309110296137131,0.9720180299529864
358,Nat.dist,7,0.00011309110296137131,0.9721311210559478
359,Nat.fib_dvd,7,0.00011309110296137131,0.9722442121589092
360,Nat.pow_right_injective,7,0.00011309110296137131,0.9723573032618706
361,Nat.sum_range_choose_halfway,7,0.00011309110296137131,0.9724703943648321
362,Real.abs_le_sqrt,7,0.00011309110296137131,0.9725834854677935
363,Real.exp_nonneg,7,0.00011309110296137131,0.9726965765707549
364,Real.log_nonneg,7,0.00011309110296137131,0.9728096676737163
365,Real.sin_pi_div_four,7,0.00011309110296137131,0.9729227587766778
366,Real.sin_pi_div_three,7,0.00011309110296137131,0.9730358498796392
367,abs_div,7,0.00011309110296137131,0.9731489409826006
368,exists_rat_btwn,7,0.00011309110296137131,0.9732620320855621
369,min_eq_left,7,0.00011309110296137131,0.9733751231885235
370,min_eq_right,7,0.00011309110296137131,0.9734882142914849
371,true_and,7,0.00011309110296137131,0.9736013053944463
372,zero_le_two,7,0.00011309110296137131,0.9737143964974078
373,CauchySeq,6,9.693523110974684e-05,0.9738113317285175
374,Complex.I_sq,6,9.693523110974684e-05,0.9739082669596273
375,Exists.intro,6,9.693523110974684e-05,0.974005202190737
376,Finite,6,9.693523110974684e-05,0.9741021374218468
377,Finset.sum_range_id,6,9.693523110974684e-05,0.9741990726529566
378,Int.ModEq.refl,6,9.693523110974684e-05,0.9742960078840663
379,Int.gcd,6,9.693523110974684e-05,0.9743929431151761
380,Nat.ModEq.refl,6,9.693523110974684e-05,0.9744898783462859
381,Nat.Prime.dvd_choose_self,6,9.693523110974684e-05,0.9745868135773956
382,Nat.div_le_self,6,9.693523110974684e-05,0.9746837488085054
383,Nat.even_add,6,9.693523110974684e-05,0.9747806840396152
384,Nat.succ_lt_succ,6,9.693523110974684e-05,0.9748776192707249
385,Ne.symm,6,9.693523110974684e-05,0.9749745545018347
386,Real.arccos,6,9.693523110974684e-05,0.9750714897329444
387,Real.cos_pi_div_three,6,9.693523110974684e-05,0.9751684249640542
388,Real.cos_zero,6,9.693523110974684e-05,0.975265360195164
389,Real.exp_log,6,9.693523110974684e-05,0.9753622954262737
390,Real.lt_sqrt,6,9.693523110974684e-05,0.9754592306573835
391,Real.rpow_def_of_pos,6,9.693523110974684e-05,0.9755561658884933
392,Ring,6,9.693523110974684e-05,0.975653101119603
393,Set.Ioc,6,9.693523110974684e-05,0.9757500363507128
394,Set.mem_compl_iff,6,9.693523110974684e-05,0.9758469715818225
395,Set.mem_insert_iff,6,9.693523110974684e-05,0.9759439068129323
396,and_imp,6,9.693523110974684e-05,0.9760408420440421
397,dvd_mul_of_dvd_left,6,9.693523110974684e-05,0.9761377772751518
398,sub_sq,6,9.693523110974684e-05,0.9762347125062616
399,trans,6,9.693523110974684e-05,0.9763316477373714
400,zero_div,6,9.693523110974684e-05,0.9764285829684811
401,CommGroup,5,8.077935925812236e-05,0.9765093623277392
402,Complex.I_mul_I,5,8.077935925812236e-05,0.9765901416869973
403,Field,5,8.077935925812236e-05,0.9766709210462554
404,Finset.Ico,5,8.077935925812236e-05,0.9767517004055135
405,Finset.range_mono,5,8.077935925812236e-05,0.9768324797647716
406,Group,5,8.077935925812236e-05,0.9769132591240297
407,Ideal,5,8.077935925812236e-05,0.9769940384832878
408,Int.ceil,5,8.077935925812236e-05,0.9770748178425459
409,Int.emod_two_eq_zero_or_one,5,8.077935925812236e-05,0.977155597201804
410,Int.even_iff,5,8.077935925812236e-05,0.9772363765610621
411,IsClosed,5,8.077935925812236e-05,0.9773171559203202
412,IsLeast,5,8.077935925812236e-05,0.9773979352795783
413,Matrix.cons_val_one,5,8.077935925812236e-05,0.9774787146388364
414,Matrix.cons_val_two,5,8.077935925812236e-05,0.9775594939980945
415,Matrix.cons_val_zero,5,8.077935925812236e-05,0.9776402733573526
416,Matrix.head_cons,5,8.077935925812236e-05,0.9777210527166107
417,Matrix.tail_cons,5,8.077935925812236e-05,0.9778018320758688
418,Nat.ModEq.pow,5,8.077935925812236e-05,0.9778826114351269
419,Nat.add_sub_cancel_left,5,8.077935925812236e-05,0.977963390794385
420,Nat.all,5,8.077935925812236e-05,0.9780441701536431
421,Nat.choose_mul,5,8.077935925812236e-05,0.9781249495129012
422,Nat.div_eq_of_eq_mul_left,5,8.077935925812236e-05,0.9782057288721593
423,Nat.div_le_iff_le_mul_add_pred,5,8.077935925812236e-05,0.9782865082314174
424,Nat.fib_gcd,5,8.077935925812236e-05,0.9783672875906755
425,Nat.floor,5,8.077935925812236e-05,0.9784480669499336
426,Nat.le_of_lt,5,8.077935925812236e-05,0.9785288463091917
427,Nat.ne_of_gt,5,8.077935925812236e-05,0.9786096256684498
428,Nat.sub_eq_zero_of_le,5,8.077935925812236e-05,0.9786904050277079
429,Nat.sub_le_iff_le_add,5,8.077935925812236e-05,0.978771184386966
430,Nat.sub_right_comm,5,8.077935925812236e-05,0.9788519637462241
431,Nat.totient_prime,5,8.077935925812236e-05,0.9789327431054822
432,Polynomial.induction_on',5,8.077935925812236e-05,0.9790135224647403
433,Prime,5,8.077935925812236e-05,0.9790943018239984
434,Real.cos_arcsin,5,8.077935925812236e-05,0.9791750811832565
435,Real.cos_pi_div_two_sub,5,8.077935925812236e-05,0.9792558605425146
436,Real.cos_sub_cos,5,8.077935925812236e-05,0.9793366399017727
437,Real.cosh_add,5,8.077935925812236e-05,0.9794174192610308
438,Real.norm_of_nonneg,5,8.077935925812236e-05,0.9794981986202889
439,Real.rpow_lt_rpow_of_exponent_lt,5,8.077935925812236e-05,0.979578977979547
440,Real.sin_zero,5,8.077935925812236e-05,0.9796597573388051
441,div_neg_of_neg_of_pos,5,8.077935925812236e-05,0.9797405366980632
442,dvd_trans,5,8.077935925812236e-05,0.9798213160573213
443,le_antisymm,5,8.077935925812236e-05,0.9799020954165794
444,lt_or_gt_of_ne,5,8.077935925812236e-05,0.9799828747758375
445,mul_inv,5,8.077935925812236e-05,0.9800636541350956
446,norm_sum_le,5,8.077935925812236e-05,0.9801444334943537
447,orderOf,5,8.077935925812236e-05,0.9802252128536117
448,two_mul,5,8.077935925812236e-05,0.9803059922128698
449,zero_lt_one,5,8.077935925812236e-05,0.980386771572128
450,zpow_ofNat,5,8.077935925812236e-05,0.980467550931386
451,Complex.ofReal_mul,4,6.462348740649789e-05,0.9805321744187926
452,Complex.re,4,6.462348740649789e-05,0.9805967979061991
453,Finset.card_powerset,4,6.462348740649789e-05,0.9806614213936057
454,Finset.prod_range_one,4,6.462348740649789e-05,0.9807260448810122
455,Finset.univ,4,6.462348740649789e-05,0.9807906683684188
456,Ideal.mul_eq_inf_of_coprime,4,6.462348740649789e-05,0.9808552918558253
457,Int.ModEq.of_dvd,4,6.462348740649789e-05,0.9809199153432319
458,Int.even_or_odd,4,6.462348740649789e-05,0.9809845388306384
459,Int.mul_sub,4,6.462348740649789e-05,0.981049162318045
460,Int.sub_mul,4,6.462348740649789e-05,0.9811137858054515
461,Irrational,4,6.462348740649789e-05,0.981178409292858
462,Matrix.det_fin_two,4,6.462348740649789e-05,0.9812430327802646
463,Matrix.mul_eq_one_comm,4,6.462348740649789e-05,0.9813076562676711
464,Monotone,4,6.462348740649789e-05,0.9813722797550777
465,Nat.Prime.dvd_mul,4,6.462348740649789e-05,0.9814369032424842
466,Nat.add,4,6.462348740649789e-05,0.9815015267298908
467,Nat.choose_symm,4,6.462348740649789e-05,0.9815661502172973
468,Nat.div_lt_div_right,4,6.462348740649789e-05,0.9816307737047039
469,Nat.even_mul,4,6.462348740649789e-05,0.9816953971921104
470,Nat.factorial_pos,4,6.462348740649789e-05,0.981760020679517
471,Nat.fib_two,4,6.462348740649789e-05,0.9818246441669235
472,Nat.floor_eq_iff,4,6.462348740649789e-05,0.98188926765433
473,Nat.gcd_add_self_right,4,6.462348740649789e-05,0.9819538911417366
474,Nat.gcd_eq_left,4,6.462348740649789e-05,0.9820185146291431
475,Nat.gcd_mul_left,4,6.462348740649789e-05,0.9820831381165497
476,Nat.le_sub_iff_add_le,4,6.462348740649789e-05,0.9821477616039562
477,Nat.lt_of_le_of_lt,4,6.462348740649789e-05,0.9822123850913628
478,Nat.odd_iff,4,6.462348740649789e-05,0.9822770085787693
479,Nat.pow_one,4,6.462348740649789e-05,0.9823416320661759
480,Nat.sub_lt_iff_lt_add,4,6.462348740649789e-05,0.9824062555535824
481,Nat.totient_dvd_of_dvd,4,6.462348740649789e-05,0.982470879040989
482,Real.cos_nonneg_of_mem_Icc,4,6.462348740649789e-05,0.9825355025283955
483,Real.log_lt_iff_lt_exp,4,6.462348740649789e-05,0.982600126015802
484,Real.log_lt_log,4,6.462348740649789e-05,0.9826647495032086
485,Real.log_ne_zero_of_pos_of_ne_one,4,6.462348740649789e-05,0.9827293729906151
486,Real.logb_mul,4,6.462348740649789e-05,0.9827939964780217
487,Real.norm_of_nonpos,4,6.462348740649789e-05,0.9828586199654282
488,Real.rpow_logb,4,6.462348740649789e-05,0.9829232434528348
489,Real.rpow_pos_of_pos,4,6.462348740649789e-05,0.9829878669402413
490,Real.sin_pi_div_two_sub,4,6.462348740649789e-05,0.9830524904276479
491,Real.sinh_add,4,6.462348740649789e-05,0.9831171139150544
492,Real.sinh_neg,4,6.462348740649789e-05,0.983181737402461
493,Real.sqrt_lt_sqrt_iff,4,6.462348740649789e-05,0.9832463608898675
494,Set.Ico,4,6.462348740649789e-05,0.983310984377274
495,Set.ext_iff,4,6.462348740649789e-05,0.9833756078646806
496,Set.mem_Ioo,4,6.462348740649789e-05,0.9834402313520871
497,Set.mem_prod,4,6.462348740649789e-05,0.9835048548394937
498,StrictMono,4,6.462348740649789e-05,0.9835694783269002
499,and_true,4,6.462348740649789e-05,0.9836341018143068
500,div_lt_one,4,6.462348740649789e-05,0.9836987253017133
501,div_nonpos_of_nonpos_of_nonneg,4,6.462348740649789e-05,0.9837633487891199
502,div_zero,4,6.462348740649789e-05,0.9838279722765264
503,dvd_sub,4,6.462348740649789e-05,0.983892595763933
504,eq_or_eq_neg_of_sq_eq_sq,4,6.462348740649789e-05,0.9839572192513395
505,lt_of_not_ge,4,6.462348740649789e-05,0.984021842738746
506,mul_two,4,6.462348740649789e-05,0.9840864662261526
507,norm_add_sq_real,4,6.462348740649789e-05,0.9841510897135591
508,norm_sub_sq_real,4,6.462348740649789e-05,0.9842157132009657
509,one_div_le_one_div_of_le,4,6.462348740649789e-05,0.9842803366883722
510,or_true,4,6.462348740649789e-05,0.9843449601757788
511,pow_ne_zero,4,6.462348740649789e-05,0.9844095836631853
512,tsum_mul_left,4,6.462348740649789e-05,0.9844742071505919
513,AddCommGroup,3,4.846761555487342e-05,0.9845226747661467
514,Complex.I_im,3,4.846761555487342e-05,0.9845711423817016
515,Complex.I_re,3,4.846761555487342e-05,0.9846196099972565
516,Complex.cos_add,3,4.846761555487342e-05,0.9846680776128114
517,Complex.cos_sub,3,4.846761555487342e-05,0.9847165452283663
518,Complex.ofReal_add,3,4.846761555487342e-05,0.9847650128439212
519,Complex.ofReal_pow,3,4.846761555487342e-05,0.984813480459476
520,Complex.sin_add,3,4.846761555487342e-05,0.9848619480750309
521,Complex.sin_sub,3,4.846761555487342e-05,0.9849104156905858
522,Dvd.intro,3,4.846761555487342e-05,0.9849588833061407
523,Finset.card_filter,3,4.846761555487342e-05,0.9850073509216956
524,Finset.mul_sum,3,4.846761555487342e-05,0.9850558185372504
525,Finset.prod_range_succ',3,4.846761555487342e-05,0.9851042861528053
526,Fintype,3,4.846761555487342e-05,0.9851527537683602
527,Function.cantor_surjective,3,4.846761555487342e-05,0.9852012213839151
528,Ideal.sum_eq_sup,3,4.846761555487342e-05,0.98524968899947
529,Int.add_right_comm,3,4.846761555487342e-05,0.9852981566150248
530,Int.cast_ofNat,3,4.846761555487342e-05,0.9853466242305797
531,Int.ceil_eq_iff,3,4.846761555487342e-05,0.9853950918461346
532,Int.floor_add_fract,3,4.846761555487342e-05,0.9854435594616895
533,Int.gcd_eq_natAbs,3,4.846761555487342e-05,0.9854920270772444
534,Int.mul_zero,3,4.846761555487342e-05,0.9855404946927993
535,Int.pow_dvd_pow_iff,3,4.846761555487342e-05,0.9855889623083541
536,Int.sub_eq_add_neg,3,4.846761555487342e-05,0.985637429923909
537,IsCompact,3,4.846761555487342e-05,0.9856858975394639
538,Matrix.trace,3,4.846761555487342e-05,0.9857343651550188
539,Module,3,4.846761555487342e-05,0.9857828327705737
540,Nat.Prime.irrational_sqrt,3,4.846761555487342e-05,0.9858313003861285
541,Nat.Prime.ne_one,3,4.846761555487342e-05,0.9858797680016834
542,Nat.card,3,4.846761555487342e-05,0.9859282356172383
543,Nat.cast_two,3,4.846761555487342e-05,0.9859767032327932
544,Nat.choose_zero_succ,3,4.846761555487342e-05,0.9860251708483481
545,Nat.digits_zero,3,4.846761555487342e-05,0.986073638463903
546,Nat.div_le_div_right,3,4.846761555487342e-05,0.9861221060794578
547,Nat.eq_of_le_of_lt_succ,3,4.846761555487342e-05,0.9861705736950127
548,Nat.factorial_ne_zero,3,4.846761555487342e-05,0.9862190413105676
549,Nat.factorial_zero,3,4.846761555487342e-05,0.9862675089261225
550,Nat.gcd_mul_right,3,4.846761555487342e-05,0.9863159765416774
551,Nat.le_of_dvd,3,4.846761555487342e-05,0.9863644441572322
552,Nat.le_of_eq,3,4.846761555487342e-05,0.9864129117727871
553,Nat.le_of_sub_eq_zero,3,4.846761555487342e-05,0.986461379388342
554,Nat.mul_div_assoc,3,4.846761555487342e-05,0.9865098470038969
555,Nat.mul_div_cancel',3,4.846761555487342e-05,0.9865583146194518
556,Nat.mul_pos,3,4.846761555487342e-05,0.9866067822350066
557,Nat.pos_of_ne_zero,3,4.846761555487342e-05,0.9866552498505615
558,Nat.sqrt_eq_zero,3,4.846761555487342e-05,0.9867037174661164
559,Rat.num_div_den,3,4.846761555487342e-05,0.9867521850816713
560,Real.arccos_eq_pi_div_two_sub_arcsin,3,4.846761555487342e-05,0.9868006526972262
561,Real.arcsin_le_pi_div_two,3,4.846761555487342e-05,0.986849120312781
562,Real.arctan,3,4.846761555487342e-05,0.9868975879283359
563,Real.cosh_log,3,4.846761555487342e-05,0.9869460555438908
564,Real.log_exp,3,4.846761555487342e-05,0.9869945231594457
565,Real.log_one,3,4.846761555487342e-05,0.9870429907750006
566,Real.log_sqrt,3,4.846761555487342e-05,0.9870914583905555
567,Real.logb_rpow,3,4.846761555487342e-05,0.9871399260061103
568,Real.neg_pi_div_two_le_arcsin,3,4.846761555487342e-05,0.9871883936216652
569,Real.rpow_lt_one,3,4.846761555487342e-05,0.9872368612372201
570,Real.sin_arcsin,3,4.846761555487342e-05,0.987285328852775
571,Real.sin_eq_zero_iff,3,4.846761555487342e-05,0.9873337964683299
572,Real.sin_nonneg_of_mem_Icc,3,4.846761555487342e-05,0.9873822640838847
573,Real.sin_pos_of_mem_Ioo,3,4.846761555487342e-05,0.9874307316994396
574,Real.sqrt_pos_of_pos,3,4.846761555487342e-05,0.9874791993149945
575,Real.tan_two_mul,3,4.846761555487342e-05,0.9875276669305494
576,Set.ext,3,4.846761555487342e-05,0.9875761345461043
577,Set.mem_inter,3,4.846761555487342e-05,0.9876246021616591
578,Set.mem_preimage,3,4.846761555487342e-05,0.987673069777214
579,abs_one,3,4.846761555487342e-05,0.9877215373927689
580,abs_pow,3,4.846761555487342e-05,0.9877700050083238
581,div_eq_iff,3,4.846761555487342e-05,0.9878184726238787
582,div_le_iff_of_neg,3,4.846761555487342e-05,0.9878669402394336
583,inv_eq_zero,3,4.846761555487342e-05,0.9879154078549884
584,le_max_iff,3,4.846761555487342e-05,0.9879638754705433
585,mul_le_mul_right,3,4.846761555487342e-05,0.9880123430860982
586,mul_ne_zero,3,4.846761555487342e-05,0.9880608107016531
587,norm_inv,3,4.846761555487342e-05,0.988109278317208
588,not_false_iff,3,4.846761555487342e-05,0.9881577459327628
589,nsmul_eq_mul,3,4.846761555487342e-05,0.9882062135483177
590,sq_abs,3,4.846761555487342e-05,0.9882546811638726
591,tsum_geometric_of_lt_one,3,4.846761555487342e-05,0.9883031487794275
592,two_ne_zero',3,4.846761555487342e-05,0.9883516163949824
593,zero_le_three,3,4.846761555487342e-05,0.9884000840105372
594,zero_lt_two,3,4.846761555487342e-05,0.9884485516260921
595,zpow_mul,3,4.846761555487342e-05,0.988497019241647
596,zpow_one,3,4.846761555487342e-05,0.9885454868572019
597,AddCommMonoid,2,3.2311743703248944e-05,0.9885777986009051
598,Classical.by_cases,2,3.2311743703248944e-05,0.9886101103446083
599,Complex.cos,2,3.2311743703248944e-05,0.9886424220883115
600,Complex.cos_neg,2,3.2311743703248944e-05,0.9886747338320148
601,Complex.cos_pi_div_two,2,3.2311743703248944e-05,0.988707045575718
602,Complex.cos_sq,2,3.2311743703248944e-05,0.9887393573194212
603,Complex.div_im,2,3.2311743703248944e-05,0.9887716690631244
604,Complex.div_re,2,3.2311743703248944e-05,0.9888039808068276
605,Complex.sin_neg,2,3.2311743703248944e-05,0.9888362925505308
606,Complex.sin_pi_div_two,2,3.2311743703248944e-05,0.9888686042942341
607,Complex.sin_sq,2,3.2311743703248944e-05,0.9889009160379373
608,ContinuousAt.pow,2,3.2311743703248944e-05,0.9889332277816405
609,Equiv.mulLeft,2,3.2311743703248944e-05,0.9889655395253437
610,Equivalence,2,3.2311743703248944e-05,0.9889978512690469
611,Fin.prod_univ_succ,2,3.2311743703248944e-05,0.9890301630127502
612,Fin.succ_zero_eq_one,2,3.2311743703248944e-05,0.9890624747564534
613,Finset.filter_eq,2,3.2311743703248944e-05,0.9890947865001566
614,Finset.insert_eq,2,3.2311743703248944e-05,0.9891270982438598
615,Finset.mem_Ico,2,3.2311743703248944e-05,0.989159409987563
616,Finset.powerset,2,3.2311743703248944e-05,0.9891917217312662
617,Finset.prod_congr,2,3.2311743703248944e-05,0.9892240334749695
618,Finset.prod_filter,2,3.2311743703248944e-05,0.9892563452186727
619,Finset.prod_le_one,2,3.2311743703248944e-05,0.9892886569623759
620,Finset.prod_range_zero,2,3.2311743703248944e-05,0.9893209687060791
621,Finset.prod_singleton,2,3.2311743703248944e-05,0.9893532804497823
622,Finset.union_assoc,2,3.2311743703248944e-05,0.9893855921934855
623,Finset.union_empty,2,3.2311743703248944e-05,0.9894179039371888
624,Finset.union_insert,2,3.2311743703248944e-05,0.989450215680892
625,Function.comp,2,3.2311743703248944e-05,0.9894825274245952
626,Int.ModEq.neg,2,3.2311743703248944e-05,0.9895148391682984
627,Int.ModEq.trans,2,3.2311743703248944e-05,0.9895471509120016
628,Int.add_zero,2,3.2311743703248944e-05,0.9895794626557048
629,Int.cast,2,3.2311743703248944e-05,0.9896117743994081
630,Int.cast_add,2,3.2311743703248944e-05,0.9896440861431113
631,Int.cast_one,2,3.2311743703248944e-05,0.9896763978868145
632,Int.floor_mono,2,3.2311743703248944e-05,0.9897087096305177
633,Int.fract,2,3.2311743703248944e-05,0.9897410213742209
634,Int.gcd_eq_left,2,3.2311743703248944e-05,0.9897733331179241
635,Int.gcd_eq_right,2,3.2311743703248944e-05,0.9898056448616274
636,Int.gcd_eq_zero_iff,2,3.2311743703248944e-05,0.9898379566053306
637,Int.le_floor,2,3.2311743703248944e-05,0.9898702683490338
638,Int.modEq_iff_dvd,2,3.2311743703248944e-05,0.989902580092737
639,Int.modEq_of_dvd,2,3.2311743703248944e-05,0.9899348918364402
640,Int.natAbs_sq,2,3.2311743703248944e-05,0.9899672035801435
641,Int.zero_add,2,3.2311743703248944e-05,0.9899995153238467
642,IsConnected,2,3.2311743703248944e-05,0.9900318270675499
643,IsLUB,2,3.2311743703248944e-05,0.9900641388112531
644,IsUnit,2,3.2311743703248944e-05,0.9900964505549563
645,LinearMap.continuous_iff_isClosed_ker,2,3.2311743703248944e-05,0.9901287622986595
646,LinearMap.ker,2,3.2311743703248944e-05,0.9901610740423628
647,LipschitzWith,2,3.2311743703248944e-05,0.990193385786066
648,LipschitzWith.of_dist_le_mul,2,3.2311743703248944e-05,0.9902256975297692
649,List.Pairwise,2,3.2311743703248944e-05,0.9902580092734724
650,Matrix.adjugate,2,3.2311743703248944e-05,0.9902903210171756
651,Matrix.det_mul,2,3.2311743703248944e-05,0.9903226327608788
652,Module.rank,2,3.2311743703248944e-05,0.9903549445045821
653,Nat.ModEq.add,2,3.2311743703248944e-05,0.9903872562482853
654,Nat.Prime.eq_one_or_self_of_dvd,2,3.2311743703248944e-05,0.9904195679919885
655,Nat.Prime.ne_zero,2,3.2311743703248944e-05,0.9904518797356917
656,Nat.add_one,2,3.2311743703248944e-05,0.9904841914793949
657,Nat.add_sub_cancel',2,3.2311743703248944e-05,0.9905165032230981
658,Nat.cast_add_one,2,3.2311743703248944e-05,0.9905488149668014
659,Nat.cast_le,2,3.2311743703248944e-05,0.9905811267105046
660,Nat.cast_nonneg,2,3.2311743703248944e-05,0.9906134384542078
661,Nat.choose_eq_zero_of_lt,2,3.2311743703248944e-05,0.990645750197911
662,Nat.descFactorial,2,3.2311743703248944e-05,0.9906780619416142
663,Nat.div_dvd_of_dvd,2,3.2311743703248944e-05,0.9907103736853174
664,Nat.div_lt_self,2,3.2311743703248944e-05,0.9907426854290207
665,Nat.dvd_antisymm,2,3.2311743703248944e-05,0.9907749971727239
666,Nat.dvd_gcd,2,3.2311743703248944e-05,0.9908073089164271
667,Nat.eq_of_mul_eq_mul_left,2,3.2311743703248944e-05,0.9908396206601303
668,Nat.even_pow,2,3.2311743703248944e-05,0.9908719324038335
669,Nat.even_sub,2,3.2311743703248944e-05,0.9909042441475368
670,Nat.factorial_one,2,3.2311743703248944e-05,0.99093655589124
671,Nat.fib_add_one,2,3.2311743703248944e-05,0.9909688676349432
672,Nat.lcm_comm,2,3.2311743703248944e-05,0.9910011793786464
673,Nat.le_of_lt_succ,2,3.2311743703248944e-05,0.9910334911223496
674,Nat.le_succ,2,3.2311743703248944e-05,0.9910658028660528
675,Nat.mod_eq_zero_of_dvd,2,3.2311743703248944e-05,0.991098114609756
676,Nat.mod_self,2,3.2311743703248944e-05,0.9911304263534593
677,Nat.mul_le_mul_left,2,3.2311743703248944e-05,0.9911627380971625
678,Nat.pow_dvd_pow_iff,2,3.2311743703248944e-05,0.9911950498408657
679,Nat.prod_factorial_dvd_factorial_sum,2,3.2311743703248944e-05,0.9912273615845689
680,Nat.properDivisors,2,3.2311743703248944e-05,0.9912596733282721
681,Nat.strong_induction_on,2,3.2311743703248944e-05,0.9912919850719754
682,Nat.sub,2,3.2311743703248944e-05,0.9913242968156786
683,Nat.sub_le_sub_right,2,3.2311743703248944e-05,0.9913566085593818
684,Nat.succ_le_succ_iff,2,3.2311743703248944e-05,0.991388920303085
685,Nat.succ_sub_succ_eq_sub,2,3.2311743703248944e-05,0.9914212320467882
686,Nat.totient_even,2,3.2311743703248944e-05,0.9914535437904914
687,NormedAddCommGroup,2,3.2311743703248944e-05,0.9914858555341947
688,NormedSpace,2,3.2311743703248944e-05,0.9915181672778979
689,Or.elim,2,3.2311743703248944e-05,0.9915504790216011
690,Or.intro_right,2,3.2311743703248944e-05,0.9915827907653043
691,Pi.mul_apply,2,3.2311743703248944e-05,0.9916151025090075
692,Polynomial.derivative_add,2,3.2311743703248944e-05,0.9916474142527107
693,Polynomial.eval_add,2,3.2311743703248944e-05,0.991679725996414
694,Polynomial.funext,2,3.2311743703248944e-05,0.9917120377401172
695,Prod.fst,2,3.2311743703248944e-05,0.9917443494838204
696,Prod.mk.injEq,2,3.2311743703248944e-05,0.9917766612275236
697,Prod.snd,2,3.2311743703248944e-05,0.9918089729712268
698,Real.abs_cos_le_one,2,3.2311743703248944e-05,0.99184128471493
699,Real.abs_sin_le_one,2,3.2311743703248944e-05,0.9918735964586333
700,Real.cos_lt_cos_of_nonneg_of_le_pi_div_two,2,3.2311743703248944e-05,0.9919059082023365
701,Real.cos_pi_div_six,2,3.2311743703248944e-05,0.9919382199460397
702,Real.cosh_three_mul,2,3.2311743703248944e-05,0.9919705316897429
703,Real.exp_bound_div_one_sub_of_interval',2,3.2311743703248944e-05,0.9920028434334461
704,Real.exp_injective,2,3.2311743703248944e-05,0.9920351551771494
705,Real.exp_neg,2,3.2311743703248944e-05,0.9920674669208526
706,Real.log_injOn_pos,2,3.2311743703248944e-05,0.9920997786645558
707,Real.logb_nonneg,2,3.2311743703248944e-05,0.992132090408259
708,Real.rpow_le_rpow_of_exponent_le,2,3.2311743703248944e-05,0.9921644021519622
709,Real.rpow_lt_rpow_of_exponent_neg,2,3.2311743703248944e-05,0.9921967138956654
710,Real.rpow_mul,2,3.2311743703248944e-05,0.9922290256393687
711,Real.rpow_sub,2,3.2311743703248944e-05,0.9922613373830719
712,Real.sin_le_sin_of_le_of_le_pi_div_two,2,3.2311743703248944e-05,0.9922936491267751
713,Real.sin_nonneg_of_nonneg_of_le_pi,2,3.2311743703248944e-05,0.9923259608704783
714,Real.sin_pi_div_six,2,3.2311743703248944e-05,0.9923582726141815
715,Real.sin_sq_le_one,2,3.2311743703248944e-05,0.9923905843578847
716,Real.sqrt_eq_rpow,2,3.2311743703248944e-05,0.992422896101588
717,Real.tan_add,2,3.2311743703248944e-05,0.9924552078452912
718,Real.tan_add_pi,2,3.2311743703248944e-05,0.9924875195889944
719,Real.tan_arctan,2,3.2311743703248944e-05,0.9925198313326976
720,Real.tan_pi_div_two_sub,2,3.2311743703248944e-05,0.9925521430764008
721,Real.tanh,2,3.2311743703248944e-05,0.992584454820104
722,Real.tanh_eq_sinh_div_cosh,2,3.2311743703248944e-05,0.9926167665638073
723,Set.image,2,3.2311743703248944e-05,0.9926490783075105
724,Set.mem_Ico,2,3.2311743703248944e-05,0.9926813900512137
725,Set.mem_image_of_mem,2,3.2311743703248944e-05,0.9927137017949169
726,Set.mem_range_self,2,3.2311743703248944e-05,0.9927460135386201
727,Set.mem_univ,2,3.2311743703248944e-05,0.9927783252823233
728,Set.powerset_insert,2,3.2311743703248944e-05,0.9928106370260266
729,Set.prod_eq_empty_iff,2,3.2311743703248944e-05,0.9928429487697298
730,Set.prod_eq_prod_iff,2,3.2311743703248944e-05,0.992875260513433
731,Set.ssubset_iff_subset_ne,2,3.2311743703248944e-05,0.9929075722571362
732,Subgroup,2,3.2311743703248944e-05,0.9929398840008394
733,Submodule,2,3.2311743703248944e-05,0.9929721957445427
734,Summable.of_nonneg_of_le,2,3.2311743703248944e-05,0.9930045074882459
735,UniformContinuous,2,3.2311743703248944e-05,0.9930368192319491
736,cauchySeq_of_dist_le_of_summable,2,3.2311743703248944e-05,0.9930691309756523
737,continuousAt_id,2,3.2311743703248944e-05,0.9931014427193555
738,continuousOn_id,2,3.2311743703248944e-05,0.9931337544630587
739,continuous_id,2,3.2311743703248944e-05,0.993166066206762
740,csSup_le,2,3.2311743703248944e-05,0.9931983779504652
741,dvd_mul_of_dvd_right,2,3.2311743703248944e-05,0.9932306896941684
742,dvd_refl,2,3.2311743703248944e-05,0.9932630014378716
743,exists_nat_gt,2,3.2311743703248944e-05,0.9932953131815748
744,exists_prop,2,3.2311743703248944e-05,0.993327624925278
745,geom_sum_eq,2,3.2311743703248944e-05,0.9933599366689813
746,heq_eq_eq,2,3.2311743703248944e-05,0.9933922484126845
747,isConnected_Icc,2,3.2311743703248944e-05,0.9934245601563877
748,le_csSup,2,3.2311743703248944e-05,0.9934568719000909
749,lt_of_le_of_lt,2,3.2311743703248944e-05,0.9934891836437941
750,lt_trichotomy,2,3.2311743703248944e-05,0.9935214953874973
751,min_le_iff,2,3.2311743703248944e-05,0.9935538071312006
752,mul_inv_cancel_left,2,3.2311743703248944e-05,0.9935861188749038
753,mul_inv_cancel_right,2,3.2311743703248944e-05,0.993618430618607
754,mul_le_mul_left,2,3.2311743703248944e-05,0.9936507423623102
755,mul_left_inj',2,3.2311743703248944e-05,0.9936830541060134
756,mul_ne_zero_iff,2,3.2311743703248944e-05,0.9937153658497166
757,mul_nonneg_of_nonpos_of_nonpos,2,3.2311743703248944e-05,0.9937476775934199
758,mul_pos_of_neg_of_neg,2,3.2311743703248944e-05,0.9937799893371231
759,mul_zpow,2,3.2311743703248944e-05,0.9938123010808263
760,ne_eq,2,3.2311743703248944e-05,0.9938446128245295
761,neg_mul_eq_mul_neg,2,3.2311743703248944e-05,0.9938769245682327
762,neg_one_mul,2,3.2311743703248944e-05,0.993909236311936
763,norm_pow,2,3.2311743703248944e-05,0.9939415480556392
764,not_le,2,3.2311743703248944e-05,0.9939738597993424
765,or_assoc,2,3.2311743703248944e-05,0.9940061715430456
766,or_left_comm,2,3.2311743703248944e-05,0.9940384832867488
767,or_self,2,3.2311743703248944e-05,0.994070795030452
768,pow_dvd_pow,2,3.2311743703248944e-05,0.9941031067741553
769,pow_dvd_pow_of_dvd,2,3.2311743703248944e-05,0.9941354185178585
770,sub_dvd_pow_sub_pow,2,3.2311743703248944e-05,0.9941677302615617
771,sub_one_dvd_pow_sub_one,2,3.2311743703248944e-05,0.9942000420052649
772,summable_of_isBigO,2,3.2311743703248944e-05,0.9942323537489681
773,tsum_geometric_two,2,3.2311743703248944e-05,0.9942646654926713
774,zero_pow,2,3.2311743703248944e-05,0.9942969772363746
775,Algebra,1,1.6155871851624472e-05,0.9943131331082262
776,BddAbove,1,1.6155871851624472e-05,0.9943292889800779
777,CharP,1,1.6155871851624472e-05,0.9943454448519295
778,Commute,1,1.6155871851624472e-05,0.9943616007237812
779,Complex.I_ne_zero,1,1.6155871851624472e-05,0.9943777565956329
780,Complex.add_im,1,1.6155871851624472e-05,0.9943939124674845
781,Complex.add_re,1,1.6155871851624472e-05,0.9944100683393362
782,Complex.arg,1,1.6155871851624472e-05,0.9944262242111879
783,Complex.cos_pi,1,1.6155871851624472e-05,0.9944423800830395
784,Complex.cos_zero,1,1.6155871851624472e-05,0.9944585359548912
785,Complex.exp,1,1.6155871851624472e-05,0.9944746918267429
786,Complex.exp_ne_zero,1,1.6155871851624472e-05,0.9944908476985945
787,Complex.im,1,1.6155871851624472e-05,0.9945070035704462
788,Complex.mul_im,1,1.6155871851624472e-05,0.9945231594422979
789,Complex.mul_re,1,1.6155871851624472e-05,0.9945393153141495
790,Complex.ofReal_one,1,1.6155871851624472e-05,0.9945554711860012
791,Complex.ofReal_sub,1,1.6155871851624472e-05,0.9945716270578528
792,Complex.sin,1,1.6155871851624472e-05,0.9945877829297045
793,Complex.sin_pi,1,1.6155871851624472e-05,0.9946039388015562
794,Complex.sin_three_mul,1,1.6155871851624472e-05,0.9946200946734078
795,Complex.sin_zero,1,1.6155871851624472e-05,0.9946362505452595
796,Complex.sub_im,1,1.6155871851624472e-05,0.9946524064171112
797,Complex.sub_re,1,1.6155871851624472e-05,0.9946685622889628
798,Continuous.comp,1,1.6155871851624472e-05,0.9946847181608145
799,Continuous.dist,1,1.6155871851624472e-05,0.9947008740326662
800,Continuous.pow,1,1.6155871851624472e-05,0.9947170299045178
801,ContinuousOn.comp,1,1.6155871851624472e-05,0.9947331857763695
802,ContinuousOn.div,1,1.6155871851624472e-05,0.9947493416482212
803,ContinuousWithinAt,1,1.6155871851624472e-05,0.9947654975200728
804,Countable,1,1.6155871851624472e-05,0.9947816533919245
805,Dense,1,1.6155871851624472e-05,0.9947978092637761
806,Encodable.encode,1,1.6155871851624472e-05,0.9948139651356278
807,Encodable.encode_injective,1,1.6155871851624472e-05,0.9948301210074795
808,Eq.trans,1,1.6155871851624472e-05,0.9948462768793311
809,Equiv,1,1.6155871851624472e-05,0.9948624327511828
810,Equiv.eq_symm_apply,1,1.6155871851624472e-05,0.9948785886230345
811,Fin.ext_iff,1,1.6155871851624472e-05,0.9948947444948861
812,Fin.prod_univ_castSucc,1,1.6155871851624472e-05,0.9949109003667378
813,Fin.prod_univ_one,1,1.6155871851624472e-05,0.9949270562385895
814,Fin.prod_univ_zero,1,1.6155871851624472e-05,0.9949432121104411
815,Fin.val_one,1,1.6155871851624472e-05,0.9949593679822928
816,Fin.val_succ,1,1.6155871851624472e-05,0.9949755238541445
817,Fin.val_two,1,1.6155871851624472e-05,0.9949916797259961
818,Fin.val_zero,1,1.6155871851624472e-05,0.9950078355978478
819,Finset.Ioo,1,1.6155871851624472e-05,0.9950239914696994
820,Finset.card_eq_zero,1,1.6155871851624472e-05,0.9950401473415511
821,Finset.card_fin,1,1.6155871851624472e-05,0.9950563032134028
822,Finset.card_mk,1,1.6155871851624472e-05,0.9950724590852544
823,Finset.card_univ,1,1.6155871851624472e-05,0.9950886149571061
824,Finset.ext,1,1.6155871851624472e-05,0.9951047708289578
825,Finset.filter_eq',1,1.6155871851624472e-05,0.9951209267008094
826,Finset.filter_val,1,1.6155871851624472e-05,0.9951370825726611
827,Finset.mem_Ioo,1,1.6155871851624472e-05,0.9951532384445128
828,Finset.mem_coe,1,1.6155871851624472e-05,0.9951693943163644
829,Finset.mem_univ,1,1.6155871851624472e-05,0.9951855501882161
830,Finset.one_le_prod',1,1.6155871851624472e-05,0.9952017060600677
831,Finset.prod_const,1,1.6155871851624472e-05,0.9952178619319194
832,Finset.prod_eq_multiset_prod,1,1.6155871851624472e-05,0.9952340178037711
833,Finset.prod_eq_one,1,1.6155871851624472e-05,0.9952501736756227
834,Finset.prod_eq_zero,1,1.6155871851624472e-05,0.9952663295474744
835,Finset.prod_le_prod',1,1.6155871851624472e-05,0.9952824854193261
836,Finset.sum_mul,1,1.6155871851624472e-05,0.9952986412911777
837,Finset.union_left_comm,1,1.6155871851624472e-05,0.9953147971630294
838,Fintype.card,1,1.6155871851624472e-05,0.9953309530348811
839,Fintype.card_fun,1,1.6155871851624472e-05,0.9953471089067327
840,Function.Bijective.comp,1,1.6155871851624472e-05,0.9953632647785844
841,Function.bijective_id,1,1.6155871851624472e-05,0.995379420650436
842,Function.const_apply,1,1.6155871851624472e-05,0.9953955765222877
843,Function.iterate_succ_apply',1,1.6155871851624472e-05,0.9954117323941394
844,Iff.refl,1,1.6155871851624472e-05,0.995427888265991
845,Int.ModEq.add_right,1,1.6155871851624472e-05,0.9954440441378427
846,Int.ModEq.rfl,1,1.6155871851624472e-05,0.9954602000096944
847,Int.ModEq.sub,1,1.6155871851624472e-05,0.995476355881546
848,Int.castRingHom,1,1.6155871851624472e-05,0.9954925117533977
849,Int.cast_mul,1,1.6155871851624472e-05,0.9955086676252494
850,Int.cast_sub,1,1.6155871851624472e-05,0.995524823497101
851,Int.ceil_le,1,1.6155871851624472e-05,0.9955409793689527
852,Int.ceil_lt_add_one,1,1.6155871851624472e-05,0.9955571352408044
853,Int.ceil_neg,1,1.6155871851624472e-05,0.995573291112656
854,Int.ediv_eq_of_eq_mul_left,1,1.6155871851624472e-05,0.9955894469845077
855,Int.emod_lt,1,1.6155871851624472e-05,0.9956056028563594
856,Int.emod_self,1,1.6155871851624472e-05,0.995621758728211
857,Int.emod_zero,1,1.6155871851624472e-05,0.9956379146000627
858,Int.floor_add_one,1,1.6155871851624472e-05,0.9956540704719143
859,Int.floor_neg,1,1.6155871851624472e-05,0.995670226343766
860,Int.gcd_one_right,1,1.6155871851624472e-05,0.9956863822156177
861,Int.isUnit_iff,1,1.6155871851624472e-05,0.9957025380874693
862,Int.mul_eq_mul_left_iff,1,1.6155871851624472e-05,0.995718693959321
863,Int.natAbs,1,1.6155871851624472e-05,0.9957348498311727
864,Int.ofNat_eq_coe,1,1.6155871851624472e-05,0.9957510057030243
865,Int.ofNat_le,1,1.6155871851624472e-05,0.995767161574876
866,Int.ofNat_one,1,1.6155871851624472e-05,0.9957833174467277
867,Int.ofNat_sub,1,1.6155871851624472e-05,0.9957994733185793
868,Int.ofNat_zero,1,1.6155871851624472e-05,0.995815629190431
869,Int.one_mul,1,1.6155871851624472e-05,0.9958317850622826
870,Int.sub_zero,1,1.6155871851624472e-05,0.9958479409341343
871,Int.units_eq_one_or,1,1.6155871851624472e-05,0.995864096805986
872,Int.zero_mul,1,1.6155871851624472e-05,0.9958802526778376
873,IsIntegral,1,1.6155871851624472e-05,0.9958964085496893
874,IsOfFinOrder,1,1.6155871851624472e-05,0.995912564421541
875,IsOpen,1,1.6155871851624472e-05,0.9959287202933926
876,List.mem_append,1,1.6155871851624472e-05,0.9959448761652443
877,List.mem_cons,1,1.6155871851624472e-05,0.995961032037096
878,List.mem_map,1,1.6155871851624472e-05,0.9959771879089476
879,List.mem_replicate,1,1.6155871851624472e-05,0.9959933437807993
880,List.mem_singleton,1,1.6155871851624472e-05,0.996009499652651
881,LocallyFiniteOrder.finsetIcc,1,1.6155871851624472e-05,0.9960256555245026
882,Matrix.add_apply,1,1.6155871851624472e-05,0.9960418113963543
883,Matrix.adjugate_fin_two,1,1.6155871851624472e-05,0.996057967268206
884,Matrix.det_one,1,1.6155871851624472e-05,0.9960741231400576
885,Matrix.det_transpose,1,1.6155871851624472e-05,0.9960902790119093
886,Matrix.isUnit_iff_isUnit_det,1,1.6155871851624472e-05,0.9961064348837609
887,Matrix.mulVec,1,1.6155871851624472e-05,0.9961225907556126
888,Matrix.mulVec_add,1,1.6155871851624472e-05,0.9961387466274643
889,Matrix.mulVec_sub,1,1.6155871851624472e-05,0.9961549024993159
890,Matrix.mulVec_zero,1,1.6155871851624472e-05,0.9961710583711676
891,Matrix.mul_add,1,1.6155871851624472e-05,0.9961872142430193
892,Matrix.mul_assoc,1,1.6155871851624472e-05,0.9962033701148709
893,Matrix.mul_one,1,1.6155871851624472e-05,0.9962195259867226
894,Matrix.of_apply,1,1.6155871851624472e-05,0.9962356818585743
895,Matrix.trace_sub,1,1.6155871851624472e-05,0.9962518377304259
896,Metric.ball,1,1.6155871851624472e-05,0.9962679936022776
897,Metric.mem_ball,1,1.6155871851624472e-05,0.9962841494741292
898,Mul,1,1.6155871851624472e-05,0.9963003053459809
899,NNReal.summable_of_le,1,1.6155871851624472e-05,0.9963164612178326
900,Nat.ModEq.symm,1,1.6155871851624472e-05,0.9963326170896842
901,Nat.Prime.dvd_of_dvd_pow,1,1.6155871851624472e-05,0.9963487729615359
902,Nat.add_lt_add_right,1,1.6155871851624472e-05,0.9963649288333876
903,Nat.cast,1,1.6155871851624472e-05,0.9963810847052392
904,Nat.cast_div,1,1.6155871851624472e-05,0.9963972405770909
905,Nat.cast_eq_zero,1,1.6155871851624472e-05,0.9964133964489426
906,Nat.cast_pos,1,1.6155871851624472e-05,0.9964295523207942
907,Nat.cast_pred,1,1.6155871851624472e-05,0.9964457081926459
908,Nat.choose_le_middle,1,1.6155871851624472e-05,0.9964618640644975
909,Nat.coprime_add_mul_left_left,1,1.6155871851624472e-05,0.9964780199363492
910,Nat.coprime_add_mul_left_right,1,1.6155871851624472e-05,0.9964941758082009
911,Nat.coprime_add_mul_right_left,1,1.6155871851624472e-05,0.9965103316800525
912,Nat.coprime_add_mul_right_right,1,1.6155871851624472e-05,0.9965264875519042
913,Nat.count,1,1.6155871851624472e-05,0.9965426434237559
914,Nat.div_le_div,1,1.6155871851624472e-05,0.9965587992956075
915,Nat.dvd_mul,1,1.6155871851624472e-05,0.9965749551674592
916,Nat.dvd_prime,1,1.6155871851624472e-05,0.9965911110393109
917,Nat.dvd_trans,1,1.6155871851624472e-05,0.9966072669111625
918,Nat.dvd_zero,1,1.6155871851624472e-05,0.9966234227830142
919,Nat.eq_of_mul_eq_mul_right,1,1.6155871851624472e-05,0.9966395786548659
920,Nat.even_or_odd,1,1.6155871851624472e-05,0.9966557345267175
921,Nat.exists_infinite_primes,1,1.6155871851624472e-05,0.9966718903985692
922,Nat.factorial_mul_factorial_dvd_factorial_add,1,1.6155871851624472e-05,0.9966880462704208
923,Nat.factorial_two,1,1.6155871851624472e-05,0.9967042021422725
924,Nat.fib_two_mul,1,1.6155871851624472e-05,0.9967203580141242
925,Nat.fib_two_mul_add_one,1,1.6155871851624472e-05,0.9967365138859758
926,Nat.floor_le,1,1.6155871851624472e-05,0.9967526697578275
927,Nat.gcdA,1,1.6155871851624472e-05,0.9967688256296792
928,Nat.gcdB,1,1.6155871851624472e-05,0.9967849815015308
929,Nat.gcd_eq_right_iff_dvd,1,1.6155871851624472e-05,0.9968011373733825
930,Nat.gcd_eq_zero_iff,1,1.6155871851624472e-05,0.9968172932452342
931,Nat.gcd_one_right,1,1.6155871851624472e-05,0.9968334491170858
932,Nat.lcm_eq_zero_iff,1,1.6155871851624472e-05,0.9968496049889375
933,Nat.le_add_right,1,1.6155871851624472e-05,0.9968657608607892
934,Nat.le_antisymm,1,1.6155871851624472e-05,0.9968819167326408
935,Nat.le_refl,1,1.6155871851624472e-05,0.9968980726044925
936,Nat.le_succ_iff,1,1.6155871851624472e-05,0.9969142284763441
937,Nat.lt_factorial_self,1,1.6155871851624472e-05,0.9969303843481958
938,Nat.lt_floor_add_one,1,1.6155871851624472e-05,0.9969465402200475
939,Nat.lt_of_add_lt_add_right,1,1.6155871851624472e-05,0.9969626960918991
940,Nat.lt_of_lt_of_le,1,1.6155871851624472e-05,0.9969788519637508
941,Nat.lt_one_iff,1,1.6155871851624472e-05,0.9969950078356025
942,Nat.mem_divisors,1,1.6155871851624472e-05,0.9970111637074541
943,Nat.minFac_le_of_dvd,1,1.6155871851624472e-05,0.9970273195793058
944,Nat.mod_mod_of_dvd,1,1.6155871851624472e-05,0.9970434754511575
945,Nat.mod_one,1,1.6155871851624472e-05,0.9970596313230091
946,Nat.mod_two_eq_zero_or_one,1,1.6155871851624472e-05,0.9970757871948608
947,Nat.mul,1,1.6155871851624472e-05,0.9970919430667124
948,Nat.mul_eq_zero,1,1.6155871851624472e-05,0.9971080989385641
949,Nat.mul_right_comm,1,1.6155871851624472e-05,0.9971242548104158
950,Nat.not_lt_of_le,1,1.6155871851624472e-05,0.9971404106822674
951,Nat.one_add,1,1.6155871851624472e-05,0.9971565665541191
952,Nat.one_lt_two,1,1.6155871851624472e-05,0.9971727224259708
953,Nat.pow,1,1.6155871851624472e-05,0.9971888782978224
954,Nat.pow_pos,1,1.6155871851624472e-05,0.9972050341696741
955,Nat.prime_eleven,1,1.6155871851624472e-05,0.9972211900415258
956,Nat.prime_seven,1,1.6155871851624472e-05,0.9972373459133774
957,Nat.prime_three,1,1.6155871851624472e-05,0.9972535017852291
958,Nat.prime_two,1,1.6155871851624472e-05,0.9972696576570808
959,Nat.sub_add_sub_cancel,1,1.6155871851624472e-05,0.9972858135289324
960,Nat.sub_eq_of_eq_add,1,1.6155871851624472e-05,0.9973019694007841
961,Nat.succ_add,1,1.6155871851624472e-05,0.9973181252726357
962,Nat.succ_le_of_lt,1,1.6155871851624472e-05,0.9973342811444874
963,Nat.totient_le,1,1.6155871851624472e-05,0.9973504370163391
964,Nat.totient_lt,1,1.6155871851624472e-05,0.9973665928881907
965,Nat.totient_one,1,1.6155871851624472e-05,0.9973827487600424
966,Nat.totient_pos,1,1.6155871851624472e-05,0.9973989046318941
967,Nat.totient_prime_pow,1,1.6155871851624472e-05,0.9974150605037457
968,Nat.totient_zero,1,1.6155871851624472e-05,0.9974312163755974
969,Nat.zero_div,1,1.6155871851624472e-05,0.9974473722474491
970,Nat.zero_lt_of_lt,1,1.6155871851624472e-05,0.9974635281193007
971,Nat.zero_lt_one,1,1.6155871851624472e-05,0.9974796839911524
972,Nat.zero_mod,1,1.6155871851624472e-05,0.997495839863004
973,Normal,1,1.6155871851624472e-05,0.9975119957348557
974,OfNat.ofNat,1,1.6155871851624472e-05,0.9975281516067074
975,Or.intro_left,1,1.6155871851624472e-05,0.997544307478559
976,Polynomial.C,1,1.6155871851624472e-05,0.9975604633504107
977,Polynomial.degree_mul,1,1.6155871851624472e-05,0.9975766192222624
978,Polynomial.eval,1,1.6155871851624472e-05,0.997592775094114
979,Polynomial.eval_C,1,1.6155871851624472e-05,0.9976089309659657
980,Polynomial.eval_eq_sum,1,1.6155871851624472e-05,0.9976250868378174
981,Polynomial.eval_eq_sum_range,1,1.6155871851624472e-05,0.997641242709669
982,Polynomial.sum_def,1,1.6155871851624472e-05,0.9976573985815207
983,Prod.exists,1,1.6155871851624472e-05,0.9976735544533724
984,Prod.forall,1,1.6155871851624472e-05,0.997689710325224
985,Rat.cast,1,1.6155871851624472e-05,0.9977058661970757
986,Rat.mul_den,1,1.6155871851624472e-05,0.9977220220689273
987,Rat.num,1,1.6155871851624472e-05,0.997738177940779
988,Real.continuousOn_cos,1,1.6155871851624472e-05,0.9977543338126307
989,Real.continuous_cos,1,1.6155871851624472e-05,0.9977704896844823
990,Real.continuous_sin,1,1.6155871851624472e-05,0.997786645556334
991,Real.cos_arccos,1,1.6155871851624472e-05,0.9978028014281857
992,Real.cos_arctan,1,1.6155871851624472e-05,0.9978189573000373
993,Real.cos_le_cos_of_nonneg_of_le_pi,1,1.6155871851624472e-05,0.997835113171889
994,Real.cosh_neg,1,1.6155871851624472e-05,0.9978512690437407
995,Real.cosh_sq,1,1.6155871851624472e-05,0.9978674249155923
996,Real.cosh_sq_sub_sinh_sq,1,1.6155871851624472e-05,0.997883580787444
997,Real.cosh_sub,1,1.6155871851624472e-05,0.9978997366592957
998,Real.exp_le_exp,1,1.6155871851624472e-05,0.9979158925311473
999,Real.exp_mul,1,1.6155871851624472e-05,0.997932048402999
1000,Real.exp_ne_zero,1,1.6155871851624472e-05,0.9979482042748506
1001,Real.ind_mk,1,1.6155871851624472e-05,0.9979643601467023
1002,Real.log_le_log_iff,1,1.6155871851624472e-05,0.997980516018554
1003,Real.log_lt_log_iff,1,1.6155871851624472e-05,0.9979966718904056
1004,Real.log_neg,1,1.6155871851624472e-05,0.9980128277622573
1005,Real.logb_eq_zero,1,1.6155871851624472e-05,0.998028983634109
1006,Real.logb_le_logb,1,1.6155871851624472e-05,0.9980451395059606
1007,Real.logb_lt_iff_lt_rpow,1,1.6155871851624472e-05,0.9980612953778123
1008,Real.logb_pos,1,1.6155871851624472e-05,0.998077451249664
1009,Real.logb_pow,1,1.6155871851624472e-05,0.9980936071215156
1010,Real.mul_le_sin,1,1.6155871851624472e-05,0.9981097629933673
1011,Real.one_le_exp,1,1.6155871851624472e-05,0.998125918865219
1012,Real.one_le_rpow,1,1.6155871851624472e-05,0.9981420747370706
1013,Real.rpow_le_one,1,1.6155871851624472e-05,0.9981582306089223
1014,Real.rpow_lt_rpow_iff,1,1.6155871851624472e-05,0.998174386480774
1015,Real.rpow_one,1,1.6155871851624472e-05,0.9981905423526256
1016,Real.rpow_zero,1,1.6155871851624472e-05,0.9982066982244773
1017,Real.sin_arctan,1,1.6155871851624472e-05,0.9982228540963289
1018,Real.sin_pi,1,1.6155871851624472e-05,0.9982390099681806
1019,Real.sin_sub_sin,1,1.6155871851624472e-05,0.9982551658400323
1020,Real.sinh_sq,1,1.6155871851624472e-05,0.9982713217118839
1021,Real.sqrt_eq_one,1,1.6155871851624472e-05,0.9982874775837356
1022,Real.sqrt_eq_zero,1,1.6155871851624472e-05,0.9983036334555873
1023,Real.sqrt_inj,1,1.6155871851624472e-05,0.9983197893274389
1024,Real.sqrt_le_left,1,1.6155871851624472e-05,0.9983359451992906
1025,Real.sqrt_le_sqrt_iff,1,1.6155871851624472e-05,0.9983521010711423
1026,Real.tan_pi_div_six,1,1.6155871851624472e-05,0.9983682569429939
1027,Real.tan_pos_of_pos_of_lt_pi_div_two,1,1.6155871851624472e-05,0.9983844128148456
1028,Real.tan_sub,1,1.6155871851624472e-05,0.9984005686866972
1029,Real.zero_rpow,1,1.6155871851624472e-05,0.9984167245585489
1030,Set.Finite.subset,1,1.6155871851624472e-05,0.9984328804304006
1031,Set.Icc_subset_Icc,1,1.6155871851624472e-05,0.9984490363022522
1032,Set.Iic,1,1.6155871851624472e-05,0.9984651921741039
1033,Set.countable_empty,1,1.6155871851624472e-05,0.9984813480459556
1034,Set.empty_subset,1,1.6155871851624472e-05,0.9984975039178072
1035,Set.finite_empty,1,1.6155871851624472e-05,0.9985136597896589
1036,Set.image_preimage_eq_inter_range,1,1.6155871851624472e-05,0.9985298156615106
1037,Set.infinite_univ,1,1.6155871851624472e-05,0.9985459715333622
1038,Set.mapsTo_univ,1,1.6155871851624472e-05,0.9985621274052139
1039,Set.mem_iUnion,1,1.6155871851624472e-05,0.9985782832770655
1040,Set.mem_singleton,1,1.6155871851624472e-05,0.9985944391489172
1041,Set.subset_def,1,1.6155871851624472e-05,0.9986105950207689
1042,Set.to_countable,1,1.6155871851624472e-05,0.9986267508926205
1043,StrictAnti,1,1.6155871851624472e-05,0.9986429067644722
1044,Subgroup.normal_of_comm,1,1.6155871851624472e-05,0.9986590626363239
1045,Units,1,1.6155871851624472e-05,0.9986752185081755
1046,ZMod.pow_card_sub_one_eq_one,1,1.6155871851624472e-05,0.9986913743800272
1047,add_lt_add,1,1.6155871851624472e-05,0.9987075302518789
1048,algebraMap,1,1.6155871851624472e-05,0.9987236861237305
1049,closure,1,1.6155871851624472e-05,0.9987398419955822
1050,continuousOn_const,1,1.6155871851624472e-05,0.9987559978674339
1051,continuous_pow,1,1.6155871851624472e-05,0.9987721537392855
1052,continuous_snd,1,1.6155871851624472e-05,0.9987883096111372
1053,dense_irrational,1,1.6155871851624472e-05,0.9988044654829888
1054,div_div,1,1.6155871851624472e-05,0.9988206213548405
1055,div_div_eq_mul_div,1,1.6155871851624472e-05,0.9988367772266922
1056,div_eq_div_iff,1,1.6155871851624472e-05,0.9988529330985438
1057,div_eq_inv_mul,1,1.6155871851624472e-05,0.9988690889703955
1058,div_lt_iff_of_neg,1,1.6155871851624472e-05,0.9988852448422472
1059,div_mul_cancel,1,1.6155871851624472e-05,0.9989014007140988
1060,div_mul_eq_mul_div,1,1.6155871851624472e-05,0.9989175565859505
1061,div_one,1,1.6155871851624472e-05,0.9989337124578022
1062,div_pow,1,1.6155871851624472e-05,0.9989498683296538
1063,dvd_lcm_right,1,1.6155871851624472e-05,0.9989660242015055
1064,dvd_mul_right,1,1.6155871851624472e-05,0.9989821800733572
1065,eq_or_lt_of_le,1,1.6155871851624472e-05,0.9989983359452088
1066,eq_or_ne,1,1.6155871851624472e-05,0.9990144918170605
1067,exists_eq_left,1,1.6155871851624472e-05,0.9990306476889121
1068,exists_eq_right,1,1.6155871851624472e-05,0.9990468035607638
1069,exists_eq_right',1,1.6155871851624472e-05,0.9990629594326155
1070,forall_and,1,1.6155871851624472e-05,0.9990791153044671
1071,heq_iff_eq,1,1.6155871851624472e-05,0.9990952711763188
1072,inferInstance,1,1.6155871851624472e-05,0.9991114270481705
1073,integralClosure,1,1.6155871851624472e-05,0.9991275829200221
1074,interior,1,1.6155871851624472e-05,0.9991437387918738
1075,inv_eq_one_div,1,1.6155871851624472e-05,0.9991598946637255
1076,inv_mul_cancel,1,1.6155871851624472e-05,0.9991760505355771
1077,isClosed_closure,1,1.6155871851624472e-05,0.9991922064074288
1078,isClosed_eq,1,1.6155871851624472e-05,0.9992083622792804
1079,isOpen_Ioi,1,1.6155871851624472e-05,0.9992245181511321
1080,le_iff_eq_or_lt,1,1.6155871851624472e-05,0.9992406740229838
1081,le_min_iff,1,1.6155871851624472e-05,0.9992568298948354
1082,le_or_gt,1,1.6155871851624472e-05,0.9992729857666871
1083,le_rfl,1,1.6155871851624472e-05,0.9992891416385388
1084,le_trans,1,1.6155871851624472e-05,0.9993052975103904
1085,max_cases,1,1.6155871851624472e-05,0.9993214533822421
1086,min_le_left,1,1.6155871851624472e-05,0.9993376092540938
1087,min_le_right,1,1.6155871851624472e-05,0.9993537651259454
1088,minpoly,1,1.6155871851624472e-05,0.9993699209977971
1089,minpoly.aeval,1,1.6155871851624472e-05,0.9993860768696488
1090,minpoly.monic,1,1.6155871851624472e-05,0.9994022327415004
1091,mul_eq_mul_left_iff,1,1.6155871851624472e-05,0.9994183886133521
1092,mul_le_mul_of_nonneg_left,1,1.6155871851624472e-05,0.9994345444852037
1093,mul_le_of_le_one_left,1,1.6155871851624472e-05,0.9994507003570554
1094,mul_left_inj,1,1.6155871851624472e-05,0.9994668562289071
1095,mul_one_div,1,1.6155871851624472e-05,0.9994830121007587
1096,mul_pos_iff,1,1.6155871851624472e-05,0.9994991679726104
1097,mul_right_inj,1,1.6155871851624472e-05,0.9995153238444621
1098,mul_sub_left_distrib,1,1.6155871851624472e-05,0.9995314797163137
1099,mul_sub_right_distrib,1,1.6155871851624472e-05,0.9995476355881654
1100,neg_sq,1,1.6155871851624472e-05,0.9995637914600171
1101,norm_div,1,1.6155871851624472e-05,0.9995799473318687
1102,norm_smul,1,1.6155871851624472e-05,0.9995961032037204
1103,not_and_or,1,1.6155871851624472e-05,0.999612259075572
1104,not_or,1,1.6155871851624472e-05,0.9996284149474237
1105,not_true_eq_false,1,1.6155871851624472e-05,0.9996445708192754
1106,one_ne_zero,1,1.6155871851624472e-05,0.999660726691127
1107,or_comm,1,1.6155871851624472e-05,0.9996768825629787
1108,or_false,1,1.6155871851624472e-05,0.9996930384348304
1109,or_imp,1,1.6155871851624472e-05,0.999709194306682
1110,orderOf_dvd_iff_pow_eq_one,1,1.6155871851624472e-05,0.9997253501785337
1111,orderOf_one,1,1.6155871851624472e-05,0.9997415060503854
1112,padicValNat,1,1.6155871851624472e-05,0.999757661922237
1113,pow_eq_zero,1,1.6155871851624472e-05,0.9997738177940887
1114,pow_le_pow_of_le_one,1,1.6155871851624472e-05,0.9997899736659404
1115,pow_sub,1,1.6155871851624472e-05,0.999806129537792
1116,setOf,1,1.6155871851624472e-05,0.9998222854096437
1117,smul_eq_mul,1,1.6155871851624472e-05,0.9998384412814953
1118,sq_eq_zero_iff,1,1.6155871851624472e-05,0.999854597153347
1119,sub_neg_of_lt,1,1.6155871851624472e-05,0.9998707530251987
1120,sub_pos_of_lt,1,1.6155871851624472e-05,0.9998869088970503
1121,three_pos,1,1.6155871851624472e-05,0.999903064768902
1122,true_or,1,1.6155871851624472e-05,0.9999192206407537
1123,tsub_zero,1,1.6155871851624472e-05,0.9999353765126053
1124,two_smul,1,1.6155871851624472e-05,0.999951532384457
1125,zero_le_four,1,1.6155871851624472e-05,0.9999676882563087
1126,zpow_add,1,1.6155871851624472e-05,0.9999838441281603
1127,zpow_sub,1,1.6155871851624472e-05,1.000000000000012
