class,length_bin,declarations,targets,file_recall,block_recall,absolute_loss,relative_loss
arith,0-200,31,171,0.47953216374269003,0.2807017543859649,0.19883040935672514,0.4146341463414634
arith,200-400,95,808,0.6658415841584159,0.4814356435643564,0.1844059405940594,0.27695167286245354
arith,400-800,110,1855,0.6059299191374663,0.48463611859838274,0.12129380053908356,0.2001779359430605
arith,800-1600,91,2640,0.65,0.571590909090909,0.07840909090909091,0.12062937062937062
arith,1600+,77,3903,0.6876761465539328,0.6341275941583397,0.053548552395593134,0.0778688524590164
simp,0-200,175,768,0.6796875,0.2994791666666667,0.3802083333333333,0.5593869731800766
simp,200-400,173,1454,0.6526822558459422,0.43672627235213207,0.21595598349381018,0.3308746048472076
simp,400-800,136,2255,0.6829268292682927,0.5152993348115299,0.16762749445676275,0.24545454545454545
simp,800-1600,104,2658,0.7091798344620015,0.6034612490594432,0.10571858540255831,0.14907161803713528
simp,1600+,61,2976,0.7244623655913979,0.6586021505376344,0.06586021505376344,0.09090909090909091
decide,0-200,20,65,0.8461538461538461,0.5538461538461539,0.2923076923076923,0.34545454545454546
decide,200-400,26,156,0.7884615384615384,0.6538461538461539,0.1346153846153846,0.17073170731707318
decide,400-800,18,126,0.9444444444444444,0.8333333333333334,0.1111111111111111,0.11764705882352941
decide,800-1600,9,125,0.864,0.808,0.056,0.06481481481481481
decide,1600+,3,66,0.9848484848484849,0.9242424242424242,0.06060606060606061,0.06153846153846154
other,0-200,68,463,0.490280777537797,0.2224622030237581,0.2678185745140389,0.5462555066079295
other,200-400,46,403,0.5856079404466501,0.4218362282878412,0.16377171215880892,0.2796610169491525
other,400-800,30,571,0.5831873905429071,0.47285464098073554,0.11033274956217162,0.1891891891891892
other,800-1600,13,338,0.757396449704142,0.6923076923076923,0.0650887573964497,0.0859375
other,1600+,0,0,,,,
none,0-200,167,581,0.8795180722891566,0.7314974182444062,0.14802065404475043,0.16829745596868884
none,200-400,157,855,0.9111111111111111,0.775438596491228,0.13567251461988303,0.14890885750962773
none,400-800,61,634,0.9006309148264984,0.7870662460567823,0.11356466876971609,0.12609457092819615
none,800-1600,6,152,0.868421052631579,0.8223684210526315,0.046052631578947366,0.05303030303030303
none,1600+,2,60,0.8833333333333333,0.85,0.03333333333333333,0.03773584905660377
