policy,class,resolved,spurious,spurious_rate,human_mix,machine_mix,imputed_human,imputed_machine,class_route_gap
raw,arith,7610,1832,0.2407358738501971,0.006777387780726536,0.7638655462184873,0.3021357444903304,0.26040511738037947,-0.04173062710995096
raw,simp,257924,88206,0.34198446053876336,0.4420569015209885,0.1697142857142857,0.3021357444903304,0.26040511738037947,-0.04173062710995096
raw,decide,775,227,0.2929032258064516,0.0020118140570156663,0.009983193277310924,0.3021357444903304,0.26040511738037947,-0.04173062710995096
raw,other,7580,2186,0.2883905013192612,0.015010130411209086,0.01626890756302521,0.3021357444903304,0.26040511738037947,-0.04173062710995096
raw,none,254371,68771,0.2703570768680392,0.5341437662300602,0.04016806722689076,0.3021357444903304,0.26040511738037947,-0.04173062710995096
drop_self_name,arith,7138,1360,0.19052956010086858,0.006777387780726536,0.7638655462184873,0.19482208008825655,0.19866716360993206,0.0038450835216755075
drop_self_name,simp,227356,57638,0.2535143123559528,0.4420569015209885,0.1697142857142857,0.19482208008825655,0.19866716360993206,0.0038450835216755075
drop_self_name,decide,634,86,0.13564668769716087,0.0020118140570156663,0.009983193277310924,0.19482208008825655,0.19866716360993206,0.0038450835216755075
drop_self_name,other,6535,1141,0.1745983167559296,0.015010130411209086,0.01626890756302521,0.19482208008825655,0.19866716360993206,0.0038450835216755075
drop_self_name,none,217609,32009,0.14709409996829176,0.5341437662300602,0.04016806722689076,0.19482208008825655,0.19866716360993206,0.0038450835216755075
drop_keyword_lemma,arith,7474,1696,0.22691998929622692,0.006777387780726536,0.7638655462184873,0.27134700466953027,0.24258148793122616,-0.028765516738304103
drop_keyword_lemma,simp,247086,77368,0.31312174708401125,0.4420569015209885,0.1697142857142857,0.27134700466953027,0.24258148793122616,-0.028765516738304103
drop_keyword_lemma,decide,745,197,0.2644295302013423,0.0020118140570156663,0.009983193277310924,0.27134700466953027,0.24258148793122616,-0.028765516738304103
drop_keyword_lemma,other,7091,1697,0.23931744464814553,0.015010130411209086,0.01626890756302521,0.27134700466953027,0.24258148793122616,-0.028765516738304103
drop_keyword_lemma,none,243654,58054,0.23826409580799002,0.5341437662300602,0.04016806722689076,0.27134700466953027,0.24258148793122616,-0.028765516738304103
corrected,arith,7002,1224,0.17480719794344474,0.006777387780726536,0.7638655462184873,0.15351046200486212,0.17702652359721588,0.023516061592353754
corrected,simp,216518,46800,0.21614831099492882,0.4420569015209885,0.1697142857142857,0.15351046200486212,0.17702652359721588,0.023516061592353754
corrected,decide,604,56,0.09271523178807947,0.0020118140570156663,0.009983193277310924,0.15351046200486212,0.17702652359721588,0.023516061592353754
corrected,other,6046,652,0.10783989414488919,0.015010130411209086,0.01626890756302521,0.15351046200486212,0.17702652359721588,0.023516061592353754
corrected,none,206892,21292,0.10291359743247684,0.5341437662300602,0.04016806722689076,0.15351046200486212,0.17702652359721588,0.023516061592353754
