corpus,fraction,proofs,vocab_mean,vocab_min,vocab_max
human,0.05,3504,11493.4,11223,11665
human,0.1,7009,19279.0,19080,19388
human,0.25,17522,35910.0,35793,36102
human,0.4244784978455041,29750,49601.0,49496,49787
human,0.5,35043,54520.8,54437,54684
human,0.75,52564,67975.4,67913,68075
human,1.0,70086,78642.0,78642,78642
machine,0.05,1488,339.2,329,347
machine,0.1,2975,452.2,429,468
machine,0.25,7438,692.4,672,714
machine,0.5,14875,896.0,868,908
machine,0.75,22312,1024.4,1005,1047
machine,1.0,29750,1127.0,1127,1127
